"QuestID","Name","Decision","Holiday","Cur","Target","CurCategory","TargetCategory","CurZone","TargetZone","Pins","PinsAllYear","Evidence"
"56341","Direbrew Cog","SET","Brewfest","0","1","","","","","0","0","Certain, so tagged. Blizzard's API files it under the quest category 'Brewfest' (370). Approved with the group on 2026-10-09."
"56372","Hozen Totem","SET","Brewfest","0","1","","","","","0","0","Certain, so tagged. Blizzard's API files it under the quest category 'Brewfest' (370). Approved with the group on 2026-10-09."
"56715","Hozen Totem","SET","Brewfest","0","1","","","","","0","0","Certain, so tagged. Blizzard's API files it under the quest category 'Brewfest' (370). Approved with the group on 2026-10-09."
"56716","Direbrew Cog","SET","Brewfest","0","1","","","","","0","0","Certain, so tagged. Blizzard's API files it under the quest category 'Brewfest' (370). Approved with the group on 2026-10-09."
"76531","Bar Tab Barrel","SET","Brewfest","0","1","","","","","0","0","The user ruled on 2026-10-09 that the 12 'Bar Tab Barrel' quests are linked to Brewfest, so they are tagged. Checked: they are the same kind of quest as the 10 'Bar Tab Barrel' quests (84305 to 84316, except 84309 and 84312) already tagged Brewfest and filed in Brewfest (31), with the same name, level, type, faction, race and class, and the client's Criteria table has a quest-completion criterion for each of the 22. The client's Achievement table has 'A Round on the House on the Dragon Isles' (18579), described as donating to Bar Tab Barrels at taverns on the Dragon Isles, in the achievement category Brewfest (162). On Wowhead 76531 is a criterion of that achievement (World Events, Brewfest) and rewards the Brewfest Prize Token, and 84305, one of the 10 already tagged, is a criterion of 'A Round on the House in Khaz Algar' (World Events, Brewfest) and rewards the same token. Blizzard's API has the same bare record for all 22 (title and levels 10 to 90, with no quest category, area, text or reward). These 12 are filed under the Dragon Isles zone categories (1301 to 1306) instead of Brewfest, and stay there. Only the pages of 76531 and 84305 were read on Wowhead."
"77095","Bar Tab Barrel","SET","Brewfest","0","1","","","","","0","0","The user ruled on 2026-10-09 that the 12 'Bar Tab Barrel' quests are linked to Brewfest, so they are tagged. Checked: they are the same kind of quest as the 10 'Bar Tab Barrel' quests (84305 to 84316, except 84309 and 84312) already tagged Brewfest and filed in Brewfest (31), with the same name, level, type, faction, race and class, and the client's Criteria table has a quest-completion criterion for each of the 22. The client's Achievement table has 'A Round on the House on the Dragon Isles' (18579), described as donating to Bar Tab Barrels at taverns on the Dragon Isles, in the achievement category Brewfest (162). On Wowhead 76531 is a criterion of that achievement (World Events, Brewfest) and rewards the Brewfest Prize Token, and 84305, one of the 10 already tagged, is a criterion of 'A Round on the House in Khaz Algar' (World Events, Brewfest) and rewards the same token. Blizzard's API has the same bare record for all 22 (title and levels 10 to 90, with no quest category, area, text or reward). These 12 are filed under the Dragon Isles zone categories (1301 to 1306) instead of Brewfest, and stay there. Only the pages of 76531 and 84305 were read on Wowhead."
"77096","Bar Tab Barrel","SET","Brewfest","0","1","","","","","0","0","The user ruled on 2026-10-09 that the 12 'Bar Tab Barrel' quests are linked to Brewfest, so they are tagged. Checked: they are the same kind of quest as the 10 'Bar Tab Barrel' quests (84305 to 84316, except 84309 and 84312) already tagged Brewfest and filed in Brewfest (31), with the same name, level, type, faction, race and class, and the client's Criteria table has a quest-completion criterion for each of the 22. The client's Achievement table has 'A Round on the House on the Dragon Isles' (18579), described as donating to Bar Tab Barrels at taverns on the Dragon Isles, in the achievement category Brewfest (162). On Wowhead 76531 is a criterion of that achievement (World Events, Brewfest) and rewards the Brewfest Prize Token, and 84305, one of the 10 already tagged, is a criterion of 'A Round on the House in Khaz Algar' (World Events, Brewfest) and rewards the same token. Blizzard's API has the same bare record for all 22 (title and levels 10 to 90, with no quest category, area, text or reward). These 12 are filed under the Dragon Isles zone categories (1301 to 1306) instead of Brewfest, and stay there. Only the pages of 76531 and 84305 were read on Wowhead."
"77097","Bar Tab Barrel","SET","Brewfest","0","1","","","","","0","0","The user ruled on 2026-10-09 that the 12 'Bar Tab Barrel' quests are linked to Brewfest, so they are tagged. Checked: they are the same kind of quest as the 10 'Bar Tab Barrel' quests (84305 to 84316, except 84309 and 84312) already tagged Brewfest and filed in Brewfest (31), with the same name, level, type, faction, race and class, and the client's Criteria table has a quest-completion criterion for each of the 22. The client's Achievement table has 'A Round on the House on the Dragon Isles' (18579), described as donating to Bar Tab Barrels at taverns on the Dragon Isles, in the achievement category Brewfest (162). On Wowhead 76531 is a criterion of that achievement (World Events, Brewfest) and rewards the Brewfest Prize Token, and 84305, one of the 10 already tagged, is a criterion of 'A Round on the House in Khaz Algar' (World Events, Brewfest) and rewards the same token. Blizzard's API has the same bare record for all 22 (title and levels 10 to 90, with no quest category, area, text or reward). These 12 are filed under the Dragon Isles zone categories (1301 to 1306) instead of Brewfest, and stay there. Only the pages of 76531 and 84305 were read on Wowhead."
"77099","Bar Tab Barrel","SET","Brewfest","0","1","","","","","0","0","The user ruled on 2026-10-09 that the 12 'Bar Tab Barrel' quests are linked to Brewfest, so they are tagged. Checked: they are the same kind of quest as the 10 'Bar Tab Barrel' quests (84305 to 84316, except 84309 and 84312) already tagged Brewfest and filed in Brewfest (31), with the same name, level, type, faction, race and class, and the client's Criteria table has a quest-completion criterion for each of the 22. The client's Achievement table has 'A Round on the House on the Dragon Isles' (18579), described as donating to Bar Tab Barrels at taverns on the Dragon Isles, in the achievement category Brewfest (162). On Wowhead 76531 is a criterion of that achievement (World Events, Brewfest) and rewards the Brewfest Prize Token, and 84305, one of the 10 already tagged, is a criterion of 'A Round on the House in Khaz Algar' (World Events, Brewfest) and rewards the same token. Blizzard's API has the same bare record for all 22 (title and levels 10 to 90, with no quest category, area, text or reward). These 12 are filed under the Dragon Isles zone categories (1301 to 1306) instead of Brewfest, and stay there. Only the pages of 76531 and 84305 were read on Wowhead."
"77152","Bar Tab Barrel","SET","Brewfest","0","1","","","","","0","0","The user ruled on 2026-10-09 that the 12 'Bar Tab Barrel' quests are linked to Brewfest, so they are tagged. Checked: they are the same kind of quest as the 10 'Bar Tab Barrel' quests (84305 to 84316, except 84309 and 84312) already tagged Brewfest and filed in Brewfest (31), with the same name, level, type, faction, race and class, and the client's Criteria table has a quest-completion criterion for each of the 22. The client's Achievement table has 'A Round on the House on the Dragon Isles' (18579), described as donating to Bar Tab Barrels at taverns on the Dragon Isles, in the achievement category Brewfest (162). On Wowhead 76531 is a criterion of that achievement (World Events, Brewfest) and rewards the Brewfest Prize Token, and 84305, one of the 10 already tagged, is a criterion of 'A Round on the House in Khaz Algar' (World Events, Brewfest) and rewards the same token. Blizzard's API has the same bare record for all 22 (title and levels 10 to 90, with no quest category, area, text or reward). These 12 are filed under the Dragon Isles zone categories (1301 to 1306) instead of Brewfest, and stay there. Only the pages of 76531 and 84305 were read on Wowhead."
"77153","Bar Tab Barrel","SET","Brewfest","0","1","","","","","0","0","The user ruled on 2026-10-09 that the 12 'Bar Tab Barrel' quests are linked to Brewfest, so they are tagged. Checked: they are the same kind of quest as the 10 'Bar Tab Barrel' quests (84305 to 84316, except 84309 and 84312) already tagged Brewfest and filed in Brewfest (31), with the same name, level, type, faction, race and class, and the client's Criteria table has a quest-completion criterion for each of the 22. The client's Achievement table has 'A Round on the House on the Dragon Isles' (18579), described as donating to Bar Tab Barrels at taverns on the Dragon Isles, in the achievement category Brewfest (162). On Wowhead 76531 is a criterion of that achievement (World Events, Brewfest) and rewards the Brewfest Prize Token, and 84305, one of the 10 already tagged, is a criterion of 'A Round on the House in Khaz Algar' (World Events, Brewfest) and rewards the same token. Blizzard's API has the same bare record for all 22 (title and levels 10 to 90, with no quest category, area, text or reward). These 12 are filed under the Dragon Isles zone categories (1301 to 1306) instead of Brewfest, and stay there. Only the pages of 76531 and 84305 were read on Wowhead."
"77155","Bar Tab Barrel","SET","Brewfest","0","1","","","","","0","0","The user ruled on 2026-10-09 that the 12 'Bar Tab Barrel' quests are linked to Brewfest, so they are tagged. Checked: they are the same kind of quest as the 10 'Bar Tab Barrel' quests (84305 to 84316, except 84309 and 84312) already tagged Brewfest and filed in Brewfest (31), with the same name, level, type, faction, race and class, and the client's Criteria table has a quest-completion criterion for each of the 22. The client's Achievement table has 'A Round on the House on the Dragon Isles' (18579), described as donating to Bar Tab Barrels at taverns on the Dragon Isles, in the achievement category Brewfest (162). On Wowhead 76531 is a criterion of that achievement (World Events, Brewfest) and rewards the Brewfest Prize Token, and 84305, one of the 10 already tagged, is a criterion of 'A Round on the House in Khaz Algar' (World Events, Brewfest) and rewards the same token. Blizzard's API has the same bare record for all 22 (title and levels 10 to 90, with no quest category, area, text or reward). These 12 are filed under the Dragon Isles zone categories (1301 to 1306) instead of Brewfest, and stay there. Only the pages of 76531 and 84305 were read on Wowhead."
"77744","Bar Tab Barrel","SET","Brewfest","0","1","","","","","0","0","The user ruled on 2026-10-09 that the 12 'Bar Tab Barrel' quests are linked to Brewfest, so they are tagged. Checked: they are the same kind of quest as the 10 'Bar Tab Barrel' quests (84305 to 84316, except 84309 and 84312) already tagged Brewfest and filed in Brewfest (31), with the same name, level, type, faction, race and class, and the client's Criteria table has a quest-completion criterion for each of the 22. The client's Achievement table has 'A Round on the House on the Dragon Isles' (18579), described as donating to Bar Tab Barrels at taverns on the Dragon Isles, in the achievement category Brewfest (162). On Wowhead 76531 is a criterion of that achievement (World Events, Brewfest) and rewards the Brewfest Prize Token, and 84305, one of the 10 already tagged, is a criterion of 'A Round on the House in Khaz Algar' (World Events, Brewfest) and rewards the same token. Blizzard's API has the same bare record for all 22 (title and levels 10 to 90, with no quest category, area, text or reward). These 12 are filed under the Dragon Isles zone categories (1301 to 1306) instead of Brewfest, and stay there. Only the pages of 76531 and 84305 were read on Wowhead."
"77745","Bar Tab Barrel","SET","Brewfest","0","1","","","","","0","0","The user ruled on 2026-10-09 that the 12 'Bar Tab Barrel' quests are linked to Brewfest, so they are tagged. Checked: they are the same kind of quest as the 10 'Bar Tab Barrel' quests (84305 to 84316, except 84309 and 84312) already tagged Brewfest and filed in Brewfest (31), with the same name, level, type, faction, race and class, and the client's Criteria table has a quest-completion criterion for each of the 22. The client's Achievement table has 'A Round on the House on the Dragon Isles' (18579), described as donating to Bar Tab Barrels at taverns on the Dragon Isles, in the achievement category Brewfest (162). On Wowhead 76531 is a criterion of that achievement (World Events, Brewfest) and rewards the Brewfest Prize Token, and 84305, one of the 10 already tagged, is a criterion of 'A Round on the House in Khaz Algar' (World Events, Brewfest) and rewards the same token. Blizzard's API has the same bare record for all 22 (title and levels 10 to 90, with no quest category, area, text or reward). These 12 are filed under the Dragon Isles zone categories (1301 to 1306) instead of Brewfest, and stay there. Only the pages of 76531 and 84305 were read on Wowhead."
"77746","Bar Tab Barrel","SET","Brewfest","0","1","","","","","0","0","The user ruled on 2026-10-09 that the 12 'Bar Tab Barrel' quests are linked to Brewfest, so they are tagged. Checked: they are the same kind of quest as the 10 'Bar Tab Barrel' quests (84305 to 84316, except 84309 and 84312) already tagged Brewfest and filed in Brewfest (31), with the same name, level, type, faction, race and class, and the client's Criteria table has a quest-completion criterion for each of the 22. The client's Achievement table has 'A Round on the House on the Dragon Isles' (18579), described as donating to Bar Tab Barrels at taverns on the Dragon Isles, in the achievement category Brewfest (162). On Wowhead 76531 is a criterion of that achievement (World Events, Brewfest) and rewards the Brewfest Prize Token, and 84305, one of the 10 already tagged, is a criterion of 'A Round on the House in Khaz Algar' (World Events, Brewfest) and rewards the same token. Blizzard's API has the same bare record for all 22 (title and levels 10 to 90, with no quest category, area, text or reward). These 12 are filed under the Dragon Isles zone categories (1301 to 1306) instead of Brewfest, and stay there. Only the pages of 76531 and 84305 were read on Wowhead."
"77747","Bar Tab Barrel","SET","Brewfest","0","1","","","","","0","0","The user ruled on 2026-10-09 that the 12 'Bar Tab Barrel' quests are linked to Brewfest, so they are tagged. Checked: they are the same kind of quest as the 10 'Bar Tab Barrel' quests (84305 to 84316, except 84309 and 84312) already tagged Brewfest and filed in Brewfest (31), with the same name, level, type, faction, race and class, and the client's Criteria table has a quest-completion criterion for each of the 22. The client's Achievement table has 'A Round on the House on the Dragon Isles' (18579), described as donating to Bar Tab Barrels at taverns on the Dragon Isles, in the achievement category Brewfest (162). On Wowhead 76531 is a criterion of that achievement (World Events, Brewfest) and rewards the Brewfest Prize Token, and 84305, one of the 10 already tagged, is a criterion of 'A Round on the House in Khaz Algar' (World Events, Brewfest) and rewards the same token. Blizzard's API has the same bare record for all 22 (title and levels 10 to 90, with no quest category, area, text or reward). These 12 are filed under the Dragon Isles zone categories (1301 to 1306) instead of Brewfest, and stay there. Only the pages of 76531 and 84305 were read on Wowhead."
"90870","Gathering the Grub","SET","Brewfest","0","1","","","","","1","0","Certain, so tagged. Its description names Brewfest and its reward is the Brewfest Prize Token, which 20 quests already tagged Brewfest give. It has no API quest category. Approved with the group on 2026-10-09."
"90879","Brewmaster's Kitchen","SET","Brewfest","0","1","","","","","1","0","Tagged on the chain and the reward. Its description is about cooking the menu (soup or stew, pretzels and a brew) from the supplies gathered, and does not name Brewfest; its reward is the Brewfest Prize Token, which 20 quests already tagged Brewfest give. It sits between 'Gathering the Grub' and 'Serving with Style', whose descriptions do name Brewfest: its text follows on from the first ('Now that ye've gathered the materials') and the text of the second follows on from it ('Ye've done well in the kitchen'). No local source gives the chain's prerequisites. It has no API quest category. Approved with the group on 2026-10-09, on an earlier text that wrongly said its description names Brewfest; the evidence here is the corrected one."
"90880","Serving with Style","SET","Brewfest","0","1","","","","","1","0","Certain, so tagged. Its description names Brewfest and its reward is the Brewfest Prize Token, which 20 quests already tagged Brewfest give. It has no API quest category. Approved with the group on 2026-10-09."
"91066","Brewmaster's Kitchen","SET","Brewfest","0","1","","","","","1","0","Tagged on the chain and the reward. Its description is about cooking the menu (soup or stew, pretzels and a brew) from the supplies gathered, and does not name Brewfest; its reward is the Brewfest Prize Token, which 20 quests already tagged Brewfest give. It sits between 'Gathering the Grub' and 'Serving with Style', whose descriptions do name Brewfest: its text follows on from the first ('Good, you've brought the supplies') and the text of the second follows on from it ('You've proven your strength at cooking'). No local source gives the chain's prerequisites. It has no API quest category. Approved with the group on 2026-10-09, on an earlier text that wrongly said its description names Brewfest; the evidence here is the corrected one."
"91067","Gathering the Grub","SET","Brewfest","0","1","","","","","1","0","Certain, so tagged. Its description names Brewfest and its reward is the Brewfest Prize Token, which 20 quests already tagged Brewfest give. It has no API quest category. Approved with the group on 2026-10-09."
"91068","Serving with Style","SET","Brewfest","0","1","","","","","1","0","Certain, so tagged. Its description names Brewfest and its reward is the Brewfest Prize Token, which 20 quests already tagged Brewfest give. It has no API quest category. Approved with the group on 2026-10-09."
"54146","Strong New Allies","SET","Children's Week","0","2","","","","","0","0","Certain, so tagged. Blizzard's API files it under the quest category 'Children's Week' (378). Approved with the group on 2026-10-09."
"89317","Children's Week in Dornogal","SET","Children's Week","0","2","","","","","1","0","Certain, so tagged. Blizzard's API files it under the quest category 'Children's Week' (378). Approved with the group on 2026-10-09."
"89318","Bold for a Kobold","SET","Children's Week","0","2","","","","","1","0","Certain, so tagged. Blizzard's API files it under the quest category 'Children's Week' (378). Approved with the group on 2026-10-09."
"89319","The Wondrous Weave","SET","Children's Week","0","2","","","","","1","0","Certain, so tagged. Blizzard's API files it under the quest category 'Children's Week' (378). Approved with the group on 2026-10-09."
"89320","The Eager Engineer","SET","Children's Week","0","2","","","","","2","0","Certain, so tagged. Blizzard's API files it under the quest category 'Children's Week' (378). Approved with the group on 2026-10-09."
"89321","Recreation for Rooks","SET","Children's Week","0","2","","","","","2","0","Certain, so tagged. Blizzard's API files it under the quest category 'Children's Week' (378). Approved with the group on 2026-10-09."
"89322","A Brighter Tomorrow","SET","Children's Week","0","2","","","","","1","0","Certain, so tagged. Blizzard's API files it under the quest category 'Children's Week' (378). Approved with the group on 2026-10-09."
"27846","The Grateful Dead","SET","Day of the Dead","0","4","","","","","0","0","Certain, so tagged. Blizzard's API files it under the quest category 'Day of the Dead' (41). 14 quests of the same name carry the tag. Approved with the group on 2026-10-09."
"6961","Great-father Winter is Here!","SET","Feast of Winter Veil","0","8","","","","","0","0","Certain, so tagged. TrinityCore lists it in its Winter Veil event (2); Blizzard's API files it under the general 'Seasonal' category, which names no holiday. 2 quests of the same name carry the tag. Approved with the group on 2026-10-09."
"6962","Treats for Great-father Winter","SET","Feast of Winter Veil","0","8","","","","","0","0","Certain, so tagged. TrinityCore lists it in its Winter Veil event (2); Blizzard's API files it under the general 'Seasonal' category, which names no holiday. Approved with the group on 2026-10-09."
"6964","The Reason for the Season","SET","Feast of Winter Veil","0","8","","","","","0","0","Certain, so tagged. TrinityCore lists it in its Winter Veil event (2); Blizzard's API files it under the general 'Seasonal' category, which names no holiday. 1 quest of the same name carry the tag. Approved with the group on 2026-10-09."
"6983","You're a Mean One...","SET","Feast of Winter Veil","0","8","","","","","0","0","Certain, so tagged. TrinityCore lists it in its Winter Veil event (2); Blizzard's API files it under the general 'Seasonal' category, which names no holiday. 1 quest of the same name carry the tag. Approved with the group on 2026-10-09."
"6984","A Smokywood Pastures' Thank You!","SET","Feast of Winter Veil","0","8","","","","","0","0","Certain, so tagged. TrinityCore lists it in its Winter Veil event (2); Blizzard's API files it under the general 'Seasonal' category, which names no holiday. 1 quest of the same name carry the tag. Approved with the group on 2026-10-09."
"11528","A Winter Veil Gift","SET","Feast of Winter Veil","0","8","","","","","0","0","Certain, so tagged. TrinityCore lists it in its Winter Veil: Gifts event (52); Blizzard's API files it under the general 'Seasonal' category, which names no holiday. 1 quest of the same name carry the tag. Approved with the group on 2026-10-09."
"36617","A Winter Veil Gift","SET","Feast of Winter Veil","0","8","","","","","0","0","Certain, so tagged. Blizzard's API files it under the general 'Seasonal' category; it is one of 1 other quest named 'A Winter Veil Gift' tagged Winter Veil, and its reward is the Winter Veil Gift item. Approved with the group on 2026-10-09."
"47751","A Winter Veil Gift","SET","Feast of Winter Veil","0","8","","","","","0","0","Certain, so tagged. Blizzard's API files it under the general 'Seasonal' category; it is one of 1 other quest named 'A Winter Veil Gift' tagged Winter Veil, and its reward is the Winter Veil Gift item. Approved with the group on 2026-10-09."
"57642","A Winter Veil Gift","SET","Feast of Winter Veil","0","8","","","","","0","0","Certain, so tagged. Blizzard's API files it under the general 'Seasonal' category; it is one of 1 other quest named 'A Winter Veil Gift' tagged Winter Veil, and its reward is the Winter Veil Gift item. Approved with the group on 2026-10-09."
"57643","A Gently Shaken Gift","SET","Feast of Winter Veil","0","8","","","","","0","0","Certain, so tagged. Blizzard's API files it under the general 'Seasonal' category; it is one of 3 other quests named 'A Gently Shaken Gift' tagged Winter Veil, and its reward is the Gently Shaken Gift item. Approved with the group on 2026-10-09."
"60238","A Gently Shaken Gift","SET","Feast of Winter Veil","0","8","","","","","0","0","Certain, so tagged. Blizzard's API files it under the general 'Seasonal' category; it is one of 3 other quests named 'A Gently Shaken Gift' tagged Winter Veil, and its reward is the Gently Shaken Gift item. Approved with the group on 2026-10-09."
"60239","A Winter Veil Gift","SET","Feast of Winter Veil","0","8","","","","","0","0","Certain, so tagged. Blizzard's API files it under the general 'Seasonal' category; it is one of 1 other quest named 'A Winter Veil Gift' tagged Winter Veil, and its reward is the Winter Veil Gift item. Approved with the group on 2026-10-09."
"64581","A Gently Shaken Gift","SET","Feast of Winter Veil","0","8","","","","","0","0","Certain, so tagged. Blizzard's API files it under the general 'Seasonal' category; it is one of 3 other quests named 'A Gently Shaken Gift' tagged Winter Veil, and its reward is the Gently Shaken Gift item. Approved with the group on 2026-10-09."
"64639","A Winter Veil Gift","SET","Feast of Winter Veil","0","8","","","","","0","0","Certain, so tagged. Blizzard's API files it under the general 'Seasonal' category; it is one of 1 other quest named 'A Winter Veil Gift' tagged Winter Veil, and its reward is the Winter Veil Gift item. Approved with the group on 2026-10-09."
"66507","A Winter Veil Gift","SET","Feast of Winter Veil","0","8","","","","","0","0","Certain, so tagged. Blizzard's API files it under the general 'Seasonal' category; it is one of 1 other quest named 'A Winter Veil Gift' tagged Winter Veil, and its reward is the Winter Veil Gift item. Approved with the group on 2026-10-09."
"66508","A Gently Shaken Gift","SET","Feast of Winter Veil","0","8","","","","","0","0","Certain, so tagged. Blizzard's API files it under the general 'Seasonal' category; it is one of 3 other quests named 'A Gently Shaken Gift' tagged Winter Veil, and its reward is the Gently Shaken Gift item. Approved with the group on 2026-10-09."
"78131","A Winter Veil Gift","SET","Feast of Winter Veil","0","8","","","","","0","0","Certain, so tagged. Blizzard's API files it under the general 'Seasonal' category; it is one of 1 other quest named 'A Winter Veil Gift' tagged Winter Veil, and its reward is the Winter Veil Gift item. Approved with the group on 2026-10-09."
"78504","A Gently Shaken Gift","SET","Feast of Winter Veil","0","8","","","","","0","0","Certain, so tagged. Blizzard's API files it under the general 'Seasonal' category; it is one of 3 other quests named 'A Gently Shaken Gift' tagged Winter Veil, and its reward is the Gently Shaken Gift item. Approved with the group on 2026-10-09."
"80684","A Gently Shaken Gift","SET","Feast of Winter Veil","0","8","","","","","0","0","Certain, so tagged. Blizzard's API files it under the general 'Seasonal' category; it is one of 3 other quests named 'A Gently Shaken Gift' tagged Winter Veil, and its reward is the Gently Shaken Gift item. Approved with the group on 2026-10-09."
"80685","A Winter Veil Gift","SET","Feast of Winter Veil","0","8","","","","","0","0","Certain, so tagged. Blizzard's API files it under the general 'Seasonal' category; it is one of 1 other quest named 'A Winter Veil Gift' tagged Winter Veil, and its reward is the Winter Veil Gift item. Approved with the group on 2026-10-09."
"81561","Winter's Presents","SET","Feast of Winter Veil","0","8","","","","","3","3","Certain, so tagged. Blizzard's API files it under the general 'Seasonal' category; it is one of 3 other quests named 'Winter's Presents' tagged Winter Veil, and its description is about Great-father Winter's presents. Approved with the group on 2026-10-09."
"91041","A Gently Shaken Gift","SET","Feast of Winter Veil","0","8","","","","","0","0","Certain, so tagged. Blizzard's API files it under the general 'Seasonal' category; it is one of 3 other quests named 'A Gently Shaken Gift' tagged Winter Veil, and its reward is the Gently Shaken Gift item. Approved with the group on 2026-10-09."
"91042","A Winter Veil Gift","SET","Feast of Winter Veil","0","8","","","","","0","0","Certain, so tagged. Blizzard's API files it under the general 'Seasonal' category; it is one of 1 other quest named 'A Winter Veil Gift' tagged Winter Veil, and its reward is the Winter Veil Gift item. Approved with the group on 2026-10-09."
"92104","Broomstick Express","SET","Hallow's End","0","16","","","","","0","0","Certain, so tagged. Its description names Hallow's End. It has no API quest category. Approved with the group on 2026-10-09."
"92455","Specter Inspector","SET","Hallow's End","0","16","","","","","0","0","Certain, so tagged. Its description names Hallow's End. It has no API quest category. Approved with the group on 2026-10-09."
"8150","Honoring a Hero","SET","Harvest Festival","0","32","","","","","0","0","Certain, so tagged. TrinityCore lists it in its Harvest Festival event (11); Blizzard's API files it under the general 'Seasonal' category, which names no holiday. 1 quest of the same name carry the tag. Approved with the group on 2026-10-09."
"79178","Play Hearthstone!","SET","Hearthstone's 10th Anniversary","0","262144","","","","","1","0","Certain, so tagged. Blizzard's API files it under the quest category 'Hearthstone Anniversary' (638), and its description hands out a Hearthstone starter pack to play with. The client's Holidays table has the event as 'Hearthstone's 10th Anniversary', IDs 1462 (11 March 2024) and 1578 (26 September 2024, one region), and no other date, so qcHolidays has a flag for it and its pins stay hidden until the game runs the event again. TrinityCore has no game event for it. Tagged on 2026-10-10, when the flag was added."
"79184","It's Hearthstone's Anniversary!","SET","Hearthstone's 10th Anniversary","0","262144","","","","","0","0","Certain, so tagged. Blizzard's API files it under the quest category 'Hearthstone Anniversary' (638), and its description says Hearthstone has been played for ten years and where Farala hosts the games. The client's Holidays table has the event as 'Hearthstone's 10th Anniversary', IDs 1462 (11 March 2024) and 1578 (26 September 2024, one region), and no other date, so qcHolidays has a flag for it and its pins stay hidden until the game runs the event again. TrinityCore has no game event for it. Tagged on 2026-10-10, when the flag was added."
"79186","It's Hearthstone's Anniversary!","SET","Hearthstone's 10th Anniversary","0","262144","","","","","0","0","Certain, so tagged. Blizzard's API files it under the quest category 'Hearthstone Anniversary' (638), and its description says Hearthstone has been played for ten years and where Farala hosts the games. The client's Holidays table has the event as 'Hearthstone's 10th Anniversary', IDs 1462 (11 March 2024) and 1578 (26 September 2024, one region), and no other date, so qcHolidays has a flag for it and its pins stay hidden until the game runs the event again. TrinityCore has no game event for it. Tagged on 2026-10-10, when the flag was added."
"79189","It's Hearthstone's Anniversary!","SET","Hearthstone's 10th Anniversary","0","262144","","","","","0","0","Certain, so tagged. Blizzard's API files it under the quest category 'Hearthstone Anniversary' (638), and its description says Hearthstone has been played for ten years and where Farala hosts the games. The client's Holidays table has the event as 'Hearthstone's 10th Anniversary', IDs 1462 (11 March 2024) and 1578 (26 September 2024, one region), and no other date, so qcHolidays has a flag for it and its pins stay hidden until the game runs the event again. TrinityCore has no game event for it. Tagged on 2026-10-10, when the flag was added."
"79693","Play Hearthstone!","SET","Hearthstone's 10th Anniversary","0","262144","","","","","0","0","Certain, so tagged. Blizzard's API files it under the quest category 'Hearthstone Anniversary' (638), and its description hands out a Hearthstone starter pack to play with. The client's Holidays table has the event as 'Hearthstone's 10th Anniversary', IDs 1462 (11 March 2024) and 1578 (26 September 2024, one region), and no other date, so qcHolidays has a flag for it and its pins stay hidden until the game runs the event again. TrinityCore has no game event for it. Tagged on 2026-10-10, when the flag was added."
"79694","Play Hearthstone!","SET","Hearthstone's 10th Anniversary","0","262144","","","","","1","0","Certain, so tagged. Blizzard's API files it under the quest category 'Hearthstone Anniversary' (638), and its description hands out a Hearthstone starter pack to play with. The client's Holidays table has the event as 'Hearthstone's 10th Anniversary', IDs 1462 (11 March 2024) and 1578 (26 September 2024, one region), and no other date, so qcHolidays has a flag for it and its pins stay hidden until the game runs the event again. TrinityCore has no game event for it. Tagged on 2026-10-10, when the flag was added."
"8897","Dearest Colara,","SET","Love is in the Air","0","64","","","","","0","0","Certain, so tagged. TrinityCore lists it in its Love is in the Air event (8); Blizzard's API files it under the general 'Seasonal' category, which names no holiday. Approved with the group on 2026-10-09."
"8898","Dearest Colara,","SET","Love is in the Air","0","64","","","","","0","0","Certain, so tagged. TrinityCore lists it in its Love is in the Air event (8); Blizzard's API files it under the general 'Seasonal' category, which names no holiday. Approved with the group on 2026-10-09."
"8899","Dearest Colara,","SET","Love is in the Air","0","64","","","","","0","0","Certain, so tagged. TrinityCore lists it in its Love is in the Air event (8); Blizzard's API files it under the general 'Seasonal' category, which names no holiday. Approved with the group on 2026-10-09."
"8900","Dearest Elenia,","SET","Love is in the Air","0","64","","","","","0","0","Certain, so tagged. TrinityCore lists it in its Love is in the Air event (8); Blizzard's API files it under the general 'Seasonal' category, which names no holiday. Approved with the group on 2026-10-09."
"8901","Dearest Elenia,","SET","Love is in the Air","0","64","","","","","0","0","Certain, so tagged. TrinityCore lists it in its Love is in the Air event (8); Blizzard's API files it under the general 'Seasonal' category, which names no holiday. Approved with the group on 2026-10-09."
"8902","Dearest Elenia,","SET","Love is in the Air","0","64","","","","","0","0","Certain, so tagged. TrinityCore lists it in its Love is in the Air event (8); Blizzard's API files it under the general 'Seasonal' category, which names no holiday. Approved with the group on 2026-10-09."
"8979","Fenstad's Hunch","SET","Love is in the Air","0","64","","","","","0","0","Certain, so tagged. TrinityCore lists it in its Love is in the Air event (8); Blizzard's API files it under the general 'Seasonal' category, which names no holiday. Approved with the group on 2026-10-09."
"8980","Zinge's Assessment","SET","Love is in the Air","0","64","","","","","0","0","Certain, so tagged. TrinityCore lists it in its Love is in the Air event (8); Blizzard's API files it under the general 'Seasonal' category, which names no holiday. Approved with the group on 2026-10-09."
"8982","Tracing the Source","SET","Love is in the Air","0","64","","","","","0","0","Certain, so tagged. TrinityCore lists it in its Love is in the Air event (8); Blizzard's API files it under the general 'Seasonal' category, which names no holiday. Approved with the group on 2026-10-09."
"8983","Tracing the Source","SET","Love is in the Air","0","64","","","","","0","0","Certain, so tagged. TrinityCore lists it in its Love is in the Air event (8); Blizzard's API files it under the general 'Seasonal' category, which names no holiday. Approved with the group on 2026-10-09."
"8984","The Source Revealed","SET","Love is in the Air","0","64","","","","","0","0","Certain, so tagged. TrinityCore lists it in its Love is in the Air event (8); Blizzard's API files it under the general 'Seasonal' category, which names no holiday. Approved with the group on 2026-10-09."
"9024","Aristan's Hunch","SET","Love is in the Air","0","64","","","","","0","0","Certain, so tagged. TrinityCore lists it in its Love is in the Air event (8); Blizzard's API files it under the general 'Seasonal' category, which names no holiday. Approved with the group on 2026-10-09."
"9025","Morgan's Discovery","SET","Love is in the Air","0","64","","","","","0","0","Certain, so tagged. TrinityCore lists it in its Love is in the Air event (8); Blizzard's API files it under the general 'Seasonal' category, which names no holiday. Approved with the group on 2026-10-09."
"9026","Tracing the Source","SET","Love is in the Air","0","64","","","","","0","0","Certain, so tagged. TrinityCore lists it in its Love is in the Air event (8); Blizzard's API files it under the general 'Seasonal' category, which names no holiday. Approved with the group on 2026-10-09."
"9027","Tracing the Source","SET","Love is in the Air","0","64","","","","","0","0","Certain, so tagged. TrinityCore lists it in its Love is in the Air event (8); Blizzard's API files it under the general 'Seasonal' category, which names no holiday. Approved with the group on 2026-10-09."
"9028","The Source Revealed","SET","Love is in the Air","0","64","","","","","0","0","Certain, so tagged. TrinityCore lists it in its Love is in the Air event (8); Blizzard's API files it under the general 'Seasonal' category, which names no holiday. Approved with the group on 2026-10-09."
"8619","Morndeep the Elder","SET","Lunar Festival","0","128","","","","","0","0","Certain, so tagged. Blizzard's API files it under the quest category 'Lunar Festival' (366); TrinityCore lists it too, in its Lunar Festival event (7). Approved with the group on 2026-10-09."
"8635","Splitrock the Elder","SET","Lunar Festival","0","128","","","","","0","0","Certain, so tagged. Blizzard's API files it under the quest category 'Lunar Festival' (366); TrinityCore lists it too, in its Lunar Festival event (7). Approved with the group on 2026-10-09."
"8636","Rumblerock the Elder","SET","Lunar Festival","0","128","","","","","0","0","Certain, so tagged. Blizzard's API files it under the quest category 'Lunar Festival' (366); TrinityCore lists it too, in its Lunar Festival event (7). Approved with the group on 2026-10-09."
"8670","Runetotem the Elder","SET","Lunar Festival","0","128","","","","","0","0","Certain, so tagged. Blizzard's API files it under the quest category 'Lunar Festival' (366); TrinityCore lists it too, in its Lunar Festival event (7). Approved with the group on 2026-10-09."
"8671","Ragetotem the Elder","SET","Lunar Festival","0","128","","","","","0","0","Certain, so tagged. Blizzard's API files it under the quest category 'Lunar Festival' (366); TrinityCore lists it too, in its Lunar Festival event (7). Approved with the group on 2026-10-09."
"8672","Stonespire the Elder","SET","Lunar Festival","0","128","","","","","0","0","Certain, so tagged. Blizzard's API files it under the quest category 'Lunar Festival' (366); TrinityCore lists it too, in its Lunar Festival event (7). Approved with the group on 2026-10-09."
"8673","Bloodhoof the Elder","SET","Lunar Festival","0","128","","","","","0","0","Certain, so tagged. Blizzard's API files it under the quest category 'Lunar Festival' (366); TrinityCore lists it too, in its Lunar Festival event (7). Approved with the group on 2026-10-09."
"8674","Winterhoof the Elder","SET","Lunar Festival","0","128","","","","","0","0","Certain, so tagged. Blizzard's API files it under the quest category 'Lunar Festival' (366); TrinityCore lists it too, in its Lunar Festival event (7). Approved with the group on 2026-10-09."
"8675","Skychaser the Elder","SET","Lunar Festival","0","128","","","","","0","0","Certain, so tagged. Blizzard's API files it under the quest category 'Lunar Festival' (366); TrinityCore lists it too, in its Lunar Festival event (7). Approved with the group on 2026-10-09."
"8676","Wildmane the Elder","SET","Lunar Festival","0","128","","","","","0","0","Certain, so tagged. Blizzard's API files it under the quest category 'Lunar Festival' (366); TrinityCore lists it too, in its Lunar Festival event (7). Approved with the group on 2026-10-09."
"8677","Darkhorn the Elder","SET","Lunar Festival","0","128","","","","","0","0","Certain, so tagged. Blizzard's API files it under the quest category 'Lunar Festival' (366); TrinityCore lists it too, in its Lunar Festival event (7). Approved with the group on 2026-10-09."
"8678","Wheathoof the Elder","SET","Lunar Festival","0","128","","","","","0","0","Certain, so tagged. Blizzard's API files it under the quest category 'Lunar Festival' (366); TrinityCore lists it too, in its Lunar Festival event (7). Approved with the group on 2026-10-09."
"8679","Grimtotem the Elder","SET","Lunar Festival","0","128","","","","","0","0","Certain, so tagged. Blizzard's API files it under the quest category 'Lunar Festival' (366); TrinityCore lists it too, in its Lunar Festival event (7). Approved with the group on 2026-10-09."
"8680","Windtotem the Elder","SET","Lunar Festival","0","128","","","","","0","0","Certain, so tagged. Blizzard's API files it under the quest category 'Lunar Festival' (366); TrinityCore lists it too, in its Lunar Festival event (7). Approved with the group on 2026-10-09."
"8681","Thunderhorn the Elder","SET","Lunar Festival","0","128","","","","","0","0","Certain, so tagged. Blizzard's API files it under the quest category 'Lunar Festival' (366); TrinityCore lists it too, in its Lunar Festival event (7). Approved with the group on 2026-10-09."
"8682","Skyseer the Elder","SET","Lunar Festival","0","128","","","","","0","0","Certain, so tagged. Blizzard's API files it under the quest category 'Lunar Festival' (366); TrinityCore lists it too, in its Lunar Festival event (7). Approved with the group on 2026-10-09."
"8683","Dawnstrider the Elder","SET","Lunar Festival","0","128","","","","","0","0","Certain, so tagged. Blizzard's API files it under the quest category 'Lunar Festival' (366); TrinityCore lists it too, in its Lunar Festival event (7). Approved with the group on 2026-10-09."
"8684","Dreamseer the Elder","SET","Lunar Festival","0","128","","","","","0","0","Certain, so tagged. Blizzard's API files it under the quest category 'Lunar Festival' (366); TrinityCore lists it too, in its Lunar Festival event (7). Approved with the group on 2026-10-09."
"8685","Mistwalker the Elder","SET","Lunar Festival","0","128","","","","","0","0","Certain, so tagged. Blizzard's API files it under the quest category 'Lunar Festival' (366); TrinityCore lists it too, in its Lunar Festival event (7). Approved with the group on 2026-10-09."
"8686","High Mountain the Elder","SET","Lunar Festival","0","128","","","","","0","0","Certain, so tagged. Blizzard's API files it under the quest category 'Lunar Festival' (366); TrinityCore lists it too, in its Lunar Festival event (7). Approved with the group on 2026-10-09."
"8688","Windrun the Elder","SET","Lunar Festival","0","128","","","","","0","0","Certain, so tagged. Blizzard's API files it under the quest category 'Lunar Festival' (366); TrinityCore lists it too, in its Lunar Festival event (7). Approved with the group on 2026-10-09."
"8713","Starsong the Elder","SET","Lunar Festival","0","128","","","","","0","0","Certain, so tagged. Blizzard's API files it under the quest category 'Lunar Festival' (366); TrinityCore lists it too, in its Lunar Festival event (7). Approved with the group on 2026-10-09."
"8714","Moonstrike the Elder","SET","Lunar Festival","0","128","","","","","0","0","Certain, so tagged. Blizzard's API files it under the quest category 'Lunar Festival' (366); TrinityCore lists it too, in its Lunar Festival event (7). Approved with the group on 2026-10-09."
"8715","Bladeleaf the Elder","SET","Lunar Festival","0","128","","","","","0","0","Certain, so tagged. Blizzard's API files it under the quest category 'Lunar Festival' (366); TrinityCore lists it too, in its Lunar Festival event (7). Approved with the group on 2026-10-09."
"8716","Starglade the Elder","SET","Lunar Festival","0","128","","","","","0","0","Certain, so tagged. Blizzard's API files it under the quest category 'Lunar Festival' (366); TrinityCore lists it too, in its Lunar Festival event (7). Approved with the group on 2026-10-09."
"8717","Moonwarden the Elder","SET","Lunar Festival","0","128","","","","","0","0","Certain, so tagged. Blizzard's API files it under the quest category 'Lunar Festival' (366); TrinityCore lists it too, in its Lunar Festival event (7). Approved with the group on 2026-10-09."
"8718","Bladeswift the Elder","SET","Lunar Festival","0","128","","","","","0","0","Certain, so tagged. Blizzard's API files it under the quest category 'Lunar Festival' (366); TrinityCore lists it too, in its Lunar Festival event (7). Approved with the group on 2026-10-09."
"8719","Bladesing the Elder","SET","Lunar Festival","0","128","","","","","0","0","Certain, so tagged. Blizzard's API files it under the quest category 'Lunar Festival' (366); TrinityCore lists it too, in its Lunar Festival event (7). Approved with the group on 2026-10-09."
"8720","Skygleam the Elder","SET","Lunar Festival","0","128","","","","","0","0","Certain, so tagged. Blizzard's API files it under the quest category 'Lunar Festival' (366); TrinityCore lists it too, in its Lunar Festival event (7). Approved with the group on 2026-10-09."
"8721","Starweave the Elder","SET","Lunar Festival","0","128","","","","","0","0","Certain, so tagged. Blizzard's API files it under the quest category 'Lunar Festival' (366); TrinityCore lists it too, in its Lunar Festival event (7). Approved with the group on 2026-10-09."
"8722","Meadowrun the Elder","SET","Lunar Festival","0","128","","","","","0","0","Certain, so tagged. Blizzard's API files it under the quest category 'Lunar Festival' (366); TrinityCore lists it too, in its Lunar Festival event (7). Approved with the group on 2026-10-09."
"8723","Nightwind the Elder","SET","Lunar Festival","0","128","","","","","0","0","Certain, so tagged. Blizzard's API files it under the quest category 'Lunar Festival' (366); TrinityCore lists it too, in its Lunar Festival event (7). Approved with the group on 2026-10-09."
"8724","Morningdew the Elder","SET","Lunar Festival","0","128","","","","","0","0","Certain, so tagged. Blizzard's API files it under the quest category 'Lunar Festival' (366); TrinityCore lists it too, in its Lunar Festival event (7). Approved with the group on 2026-10-09."
"8725","Riversong the Elder","SET","Lunar Festival","0","128","","","","","0","0","Certain, so tagged. Blizzard's API files it under the quest category 'Lunar Festival' (366); TrinityCore lists it too, in its Lunar Festival event (7). Approved with the group on 2026-10-09."
"8726","Brightspear the Elder","SET","Lunar Festival","0","128","","","","","0","0","Certain, so tagged. Blizzard's API files it under the quest category 'Lunar Festival' (366); TrinityCore lists it too, in its Lunar Festival event (7). Approved with the group on 2026-10-09."
"8727","Farwhisper the Elder","SET","Lunar Festival","0","128","","","","","0","0","Certain, so tagged. Blizzard's API files it under the quest category 'Lunar Festival' (366); TrinityCore lists it too, in its Lunar Festival event (7). Approved with the group on 2026-10-09."
"8862","Elune's Candle","SET","Lunar Festival","0","128","","","","","0","0","Certain, so tagged. Blizzard's API files it under the quest category 'Lunar Festival' (366); TrinityCore lists it too, in its Lunar Festival event (7). Approved with the group on 2026-10-09."
"8863","Festival Dumplings","SET","Lunar Festival","0","128","","","","","0","0","Certain, so tagged. Blizzard's API files it under the quest category 'Lunar Festival' (366); TrinityCore lists it too, in its Lunar Festival event (7). Approved with the group on 2026-10-09."
"8864","Festive Lunar Dresses","SET","Lunar Festival","0","128","","","","","0","0","Certain, so tagged. Blizzard's API files it under the quest category 'Lunar Festival' (366); TrinityCore lists it too, in its Lunar Festival event (7). Approved with the group on 2026-10-09."
"8865","Festive Lunar Pant Suits","SET","Lunar Festival","0","128","","","","","0","0","Certain, so tagged. Blizzard's API files it under the quest category 'Lunar Festival' (366); TrinityCore lists it too, in its Lunar Festival event (7). Approved with the group on 2026-10-09."
"13012","Sardis the Elder","SET","Lunar Festival","0","128","","","","","0","0","Certain, so tagged. Blizzard's API files it under the quest category 'Lunar Festival' (366); TrinityCore lists it too, in its Lunar Festival event (7). Approved with the group on 2026-10-09."
"13013","Beldak the Elder","SET","Lunar Festival","0","128","","","","","0","0","Certain, so tagged. Blizzard's API files it under the quest category 'Lunar Festival' (366); TrinityCore lists it too, in its Lunar Festival event (7). Approved with the group on 2026-10-09."
"13014","Morthie the Elder","SET","Lunar Festival","0","128","","","","","0","0","Certain, so tagged. Blizzard's API files it under the quest category 'Lunar Festival' (366); TrinityCore lists it too, in its Lunar Festival event (7). Approved with the group on 2026-10-09."
"13015","Fargal the Elder","SET","Lunar Festival","0","128","","","","","0","0","Certain, so tagged. Blizzard's API files it under the quest category 'Lunar Festival' (366); TrinityCore lists it too, in its Lunar Festival event (7). Approved with the group on 2026-10-09."
"13016","Northal the Elder","SET","Lunar Festival","0","128","","","","","0","0","Certain, so tagged. Blizzard's API files it under the quest category 'Lunar Festival' (366); TrinityCore lists it too, in its Lunar Festival event (7). Approved with the group on 2026-10-09."
"13017","Jarten the Elder","SET","Lunar Festival","0","128","","","","","0","0","Certain, so tagged. Blizzard's API files it under the quest category 'Lunar Festival' (366); TrinityCore lists it too, in its Lunar Festival event (7). Approved with the group on 2026-10-09."
"13018","Sandrene the Elder","SET","Lunar Festival","0","128","","","","","0","0","Certain, so tagged. Blizzard's API files it under the quest category 'Lunar Festival' (366); TrinityCore lists it too, in its Lunar Festival event (7). Approved with the group on 2026-10-09."
"13019","Thoim the Elder","SET","Lunar Festival","0","128","","","","","0","0","Certain, so tagged. Blizzard's API files it under the quest category 'Lunar Festival' (366); TrinityCore lists it too, in its Lunar Festival event (7). Approved with the group on 2026-10-09."
"13020","Stonebeard the Elder","SET","Lunar Festival","0","128","","","","","0","0","Certain, so tagged. Blizzard's API files it under the quest category 'Lunar Festival' (366); TrinityCore lists it too, in its Lunar Festival event (7). Approved with the group on 2026-10-09."
"13021","Igasho the Elder","SET","Lunar Festival","0","128","","","","","0","0","Certain, so tagged. Blizzard's API files it under the quest category 'Lunar Festival' (366); TrinityCore lists it too, in its Lunar Festival event (7). Approved with the group on 2026-10-09."
"13022","Nurgen the Elder","SET","Lunar Festival","0","128","","","","","0","0","Certain, so tagged. Blizzard's API files it under the quest category 'Lunar Festival' (366); TrinityCore lists it too, in its Lunar Festival event (7). Approved with the group on 2026-10-09."
"13023","Kilias the Elder","SET","Lunar Festival","0","128","","","","","0","0","Certain, so tagged. Blizzard's API files it under the quest category 'Lunar Festival' (366); TrinityCore lists it too, in its Lunar Festival event (7). Approved with the group on 2026-10-09."
"13024","Wanikaya the Elder","SET","Lunar Festival","0","128","","","","","0","0","Certain, so tagged. Blizzard's API files it under the quest category 'Lunar Festival' (366); TrinityCore lists it too, in its Lunar Festival event (7). Approved with the group on 2026-10-09."
"13025","Lunaro the Elder","SET","Lunar Festival","0","128","","","","","0","0","Certain, so tagged. Blizzard's API files it under the quest category 'Lunar Festival' (366); TrinityCore lists it too, in its Lunar Festival event (7). Approved with the group on 2026-10-09."
"13026","Bluewolf the Elder","SET","Lunar Festival","0","128","","","","","0","0","Certain, so tagged. Blizzard's API files it under the quest category 'Lunar Festival' (366); TrinityCore lists it too, in its Lunar Festival event (7). Approved with the group on 2026-10-09."
"13027","Tauros the Elder","SET","Lunar Festival","0","128","","","","","0","0","Certain, so tagged. Blizzard's API files it under the quest category 'Lunar Festival' (366); TrinityCore lists it too, in its Lunar Festival event (7). Approved with the group on 2026-10-09."
"13028","Graymane the Elder","SET","Lunar Festival","0","128","","","","","0","0","Certain, so tagged. Blizzard's API files it under the quest category 'Lunar Festival' (366); TrinityCore lists it too, in its Lunar Festival event (7). Approved with the group on 2026-10-09."
"13029","Pamuya the Elder","SET","Lunar Festival","0","128","","","","","0","0","Certain, so tagged. Blizzard's API files it under the quest category 'Lunar Festival' (366); TrinityCore lists it too, in its Lunar Festival event (7). Approved with the group on 2026-10-09."
"13030","Whurain the Elder","SET","Lunar Festival","0","128","","","","","0","0","Certain, so tagged. Blizzard's API files it under the quest category 'Lunar Festival' (366); TrinityCore lists it too, in its Lunar Festival event (7). Approved with the group on 2026-10-09."
"13031","Skywarden the Elder","SET","Lunar Festival","0","128","","","","","0","0","Certain, so tagged. Blizzard's API files it under the quest category 'Lunar Festival' (366); TrinityCore lists it too, in its Lunar Festival event (7). Approved with the group on 2026-10-09."
"13032","Muraco the Elder","SET","Lunar Festival","0","128","","","","","0","0","Certain, so tagged. Blizzard's API files it under the quest category 'Lunar Festival' (366); TrinityCore lists it too, in its Lunar Festival event (7). Approved with the group on 2026-10-09."
"13033","Arp the Elder","SET","Lunar Festival","0","128","","","","","0","0","Certain, so tagged. Blizzard's API files it under the quest category 'Lunar Festival' (366); TrinityCore lists it too, in its Lunar Festival event (7). Approved with the group on 2026-10-09."
"13065","Ohanzee the Elder","SET","Lunar Festival","0","128","","","","","0","0","Certain, so tagged. Blizzard's API files it under the quest category 'Lunar Festival' (366); TrinityCore lists it too, in its Lunar Festival event (7). Approved with the group on 2026-10-09."
"13066","Yurauk the Elder","SET","Lunar Festival","0","128","","","","","0","0","Certain, so tagged. Blizzard's API files it under the quest category 'Lunar Festival' (366); TrinityCore lists it too, in its Lunar Festival event (7). Approved with the group on 2026-10-09."
"13067","Chogan'gada the Elder","SET","Lunar Festival","0","128","","","","","0","0","Certain, so tagged. Blizzard's API files it under the quest category 'Lunar Festival' (366); TrinityCore lists it too, in its Lunar Festival event (7). Approved with the group on 2026-10-09."
"29734","Deepforge the Elder","SET","Lunar Festival","0","128","","","","","0","0","Certain, so tagged. Blizzard's API files it under the quest category 'Lunar Festival' (366); TrinityCore lists it too, in its Lunar Festival event (7). Approved with the group on 2026-10-09."
"29735","Stonebrand the Elder","SET","Lunar Festival","0","128","","","","","0","0","Certain, so tagged. Blizzard's API files it under the quest category 'Lunar Festival' (366); TrinityCore lists it too, in its Lunar Festival event (7). Approved with the group on 2026-10-09."
"29736","Darkfeather the Elder","SET","Lunar Festival","0","128","","","","","0","0","Certain, so tagged. Blizzard's API files it under the quest category 'Lunar Festival' (366); TrinityCore lists it too, in its Lunar Festival event (7). Approved with the group on 2026-10-09."
"29737","Firebeard the Elder","SET","Lunar Festival","0","128","","","","","0","0","Certain, so tagged. Blizzard's API files it under the quest category 'Lunar Festival' (366); TrinityCore lists it too, in its Lunar Festival event (7). Approved with the group on 2026-10-09."
"29738","Moonlance the Elder","SET","Lunar Festival","0","128","","","","","0","0","Certain, so tagged. Blizzard's API files it under the quest category 'Lunar Festival' (366); TrinityCore lists it too, in its Lunar Festival event (7). Approved with the group on 2026-10-09."
"29739","Windsong the Elder","SET","Lunar Festival","0","128","","","","","0","0","Certain, so tagged. Blizzard's API files it under the quest category 'Lunar Festival' (366); TrinityCore lists it too, in its Lunar Festival event (7). Approved with the group on 2026-10-09."
"29740","Evershade the Elder","SET","Lunar Festival","0","128","","","","","0","0","Certain, so tagged. Blizzard's API files it under the quest category 'Lunar Festival' (366); TrinityCore lists it too, in its Lunar Festival event (7). Approved with the group on 2026-10-09."
"29741","Sekhemi the Elder","SET","Lunar Festival","0","128","","","","","0","0","Certain, so tagged. Blizzard's API files it under the quest category 'Lunar Festival' (366); TrinityCore lists it too, in its Lunar Festival event (7). Approved with the group on 2026-10-09."
"29742","Menkhaf the Elder","SET","Lunar Festival","0","128","","","","","0","0","Certain, so tagged. Blizzard's API files it under the quest category 'Lunar Festival' (366); TrinityCore lists it too, in its Lunar Festival event (7). Approved with the group on 2026-10-09."
"56842","Lunar Preservation","SET","Lunar Festival","0","128","","","","","0","0","Certain, so tagged. Blizzard's API files it under the quest category 'Lunar Festival' (366). Approved with the group on 2026-10-09."
"56903","Crown of Courage","SET","Lunar Festival","0","128","","","","","0","0","Certain, so tagged. Blizzard's API files it under the quest category 'Lunar Festival' (366). Approved with the group on 2026-10-09."
"56904","Crown of Prosperity","SET","Lunar Festival","0","128","","","","","0","0","Certain, so tagged. Blizzard's API files it under the quest category 'Lunar Festival' (366). Approved with the group on 2026-10-09."
"56905","Crown of Dark Blossoms","SET","Lunar Festival","0","128","","","","","0","0","Certain, so tagged. Blizzard's API files it under the quest category 'Lunar Festival' (366). Approved with the group on 2026-10-09."
"56906","Crown of Good Fortune","SET","Lunar Festival","0","128","","","","","0","0","Certain, so tagged. Blizzard's API files it under the quest category 'Lunar Festival' (366). Approved with the group on 2026-10-09."
"9319","A Light in Dark Places","SET","Midsummer Fire Festival","0","256","","","","","0","0","Certain, so tagged. Blizzard's API files it under the quest category 'Midsummer' (369); TrinityCore lists it too, in its Midsummer Fire Festival event (1). Approved with the group on 2026-10-09."
"9322","Wild Fires in Kalimdor","SET","Midsummer Fire Festival","0","256","","","","","0","0","Certain, so tagged. Blizzard's API files it under the quest category 'Midsummer' (369); TrinityCore lists it too, in its Midsummer Fire Festival event (1). Approved with the group on 2026-10-09."
"9323","Wild Fires in the Eastern Kingdoms","SET","Midsummer Fire Festival","0","256","","","","","0","0","Certain, so tagged. Blizzard's API files it under the quest category 'Midsummer' (369); TrinityCore lists it too, in its Midsummer Fire Festival event (1). Approved with the group on 2026-10-09."
"9339","A Thief's Reward","SET","Midsummer Fire Festival","0","256","","","","","0","0","Certain, so tagged. Blizzard's API files it under the quest category 'Midsummer' (369); TrinityCore lists it too, in its Midsummer Fire Festival event (1). Approved with the group on 2026-10-09."
"9365","A Thief's Reward","SET","Midsummer Fire Festival","0","256","","","","","0","0","Certain, so tagged. Blizzard's API files it under the quest category 'Midsummer' (369); TrinityCore lists it too, in its Midsummer Fire Festival event (1). Approved with the group on 2026-10-09."
"9367","The Festival of Fire","SET","Midsummer Fire Festival","0","256","","","","","0","0","Certain, so tagged. Blizzard's API files it under the quest category 'Midsummer' (369); TrinityCore lists it too, in its Midsummer Fire Festival event (1). Approved with the group on 2026-10-09."
"9368","The Festival of Fire","SET","Midsummer Fire Festival","0","256","","","","","0","0","Certain, so tagged. Blizzard's API files it under the quest category 'Midsummer' (369); TrinityCore lists it too, in its Midsummer Fire Festival event (1). Approved with the group on 2026-10-09."
"9386","A Light in Dark Places","SET","Midsummer Fire Festival","0","256","","","","","0","0","Certain, so tagged. Blizzard's API files it under the quest category 'Midsummer' (369); TrinityCore lists it too, in its Midsummer Fire Festival event (1). Approved with the group on 2026-10-09."
"9388","Flickering Flames in Kalimdor","SET","Midsummer Fire Festival","0","256","","","","","0","0","Certain, so tagged. Blizzard's API files it under the quest category 'Midsummer' (369); TrinityCore lists it too, in its Midsummer Fire Festival event (1). Approved with the group on 2026-10-09."
"9389","Flickering Flames in the Eastern Kingdoms","SET","Midsummer Fire Festival","0","256","","","","","0","0","Certain, so tagged. Blizzard's API files it under the quest category 'Midsummer' (369); TrinityCore lists it too, in its Midsummer Fire Festival event (1). Approved with the group on 2026-10-09."
"11657","Torch Catching","SET","Midsummer Fire Festival","0","256","","","","","0","0","Certain, so tagged. Blizzard's API files it under the quest category 'Midsummer' (369); TrinityCore lists it too, in its Midsummer Fire Festival event (1). Approved with the group on 2026-10-09."
"11731","Torch Tossing","SET","Midsummer Fire Festival","0","256","","","","","0","0","Certain, so tagged. Blizzard's API files it under the quest category 'Midsummer' (369); TrinityCore lists it too, in its Midsummer Fire Festival event (1). 2 quests of the same name carry the tag. Approved with the group on 2026-10-09."
"11882","Playing with Fire","SET","Midsummer Fire Festival","0","256","","","","","8","1","Certain, so tagged. Blizzard's API files it under the quest category 'Midsummer' (369); TrinityCore lists it too, in its Midsummer Fire Festival event (1). Approved with the group on 2026-10-09."
"11886","Unusual Activity","SET","Midsummer Fire Festival","0","256","","","","","0","0","Certain, so tagged. Blizzard's API files it under the quest category 'Midsummer' (369); TrinityCore lists it too, in its Midsummer Fire Festival event (1). Approved with the group on 2026-10-09."
"11891","An Innocent Disguise","SET","Midsummer Fire Festival","0","256","","","","","0","0","Certain, so tagged. Blizzard's API files it under the quest category 'Midsummer' (369); TrinityCore lists it too, in its Midsummer Fire Festival event (1). Approved with the group on 2026-10-09."
"11915","Playing with Fire","SET","Midsummer Fire Festival","0","256","","","","","3","0","Certain, so tagged. Blizzard's API files it under the quest category 'Midsummer' (369); TrinityCore lists it too, in its Midsummer Fire Festival event (1). Approved with the group on 2026-10-09."
"11921","More Torch Tossing","SET","Midsummer Fire Festival","0","256","","","","","0","0","Certain, so tagged. Blizzard's API files it under the quest category 'Midsummer' (369); TrinityCore lists it too, in its Midsummer Fire Festival event (1). 2 quests of the same name carry the tag. Approved with the group on 2026-10-09."
"11922","Torch Tossing","SET","Midsummer Fire Festival","0","256","","","","","0","0","Certain, so tagged. Blizzard's API files it under the quest category 'Midsummer' (369); TrinityCore lists it too, in its Midsummer Fire Festival event (1). 2 quests of the same name carry the tag. Approved with the group on 2026-10-09."
"11923","Torch Catching","SET","Midsummer Fire Festival","0","256","","","","","0","0","Certain, so tagged. Blizzard's API files it under the quest category 'Midsummer' (369); TrinityCore lists it too, in its Midsummer Fire Festival event (1). Approved with the group on 2026-10-09."
"11924","More Torch Catching","SET","Midsummer Fire Festival","0","256","","","","","0","0","Certain, so tagged. Blizzard's API files it under the quest category 'Midsummer' (369); TrinityCore lists it too, in its Midsummer Fire Festival event (1). Approved with the group on 2026-10-09."
"11925","More Torch Catching","SET","Midsummer Fire Festival","0","256","","","","","0","0","Certain, so tagged. Blizzard's API files it under the quest category 'Midsummer' (369); TrinityCore lists it too, in its Midsummer Fire Festival event (1). Approved with the group on 2026-10-09."
"11926","More Torch Tossing","SET","Midsummer Fire Festival","0","256","","","","","0","0","Certain, so tagged. Blizzard's API files it under the quest category 'Midsummer' (369); TrinityCore lists it too, in its Midsummer Fire Festival event (1). 2 quests of the same name carry the tag. Approved with the group on 2026-10-09."
"11933","Stealing the Exodar's Flame","SET","Midsummer Fire Festival","0","256","","","","","0","0","Certain, so tagged. Blizzard's API files it under the quest category 'Midsummer' (369); TrinityCore lists it too, in its Midsummer Fire Festival event (1). Approved with the group on 2026-10-09."
"11935","Stealing Silvermoon's Flame","SET","Midsummer Fire Festival","0","256","","","","","0","0","Certain, so tagged. Blizzard's API files it under the quest category 'Midsummer' (369); TrinityCore lists it too, in its Midsummer Fire Festival event (1). Approved with the group on 2026-10-09."
"11954","Striking Back","SET","Midsummer Fire Festival","0","256","","","","","0","0","Certain, so tagged. Blizzard's API files it under the quest category 'Midsummer' (369); TrinityCore lists it too, in its Midsummer Fire Festival event (1). Approved with the group on 2026-10-09."
"11964","Incense for the Summer Scorchlings","SET","Midsummer Fire Festival","0","256","","","","","0","0","Certain, so tagged. Blizzard's API files it under the quest category 'Midsummer' (369); TrinityCore lists it too, in its Midsummer Fire Festival event (1). Approved with the group on 2026-10-09."
"11966","Incense for the Festival Scorchlings","SET","Midsummer Fire Festival","0","256","","","","","0","0","Certain, so tagged. Blizzard's API files it under the quest category 'Midsummer' (369); TrinityCore lists it too, in its Midsummer Fire Festival event (1). Approved with the group on 2026-10-09."
"11970","The Master of Summer Lore","SET","Midsummer Fire Festival","0","256","","","","","3","0","Certain, so tagged. Blizzard's API files it under the quest category 'Midsummer' (369); TrinityCore lists it too, in its Midsummer Fire Festival event (1). Approved with the group on 2026-10-09."
"11971","The Spinner of Summer Tales","SET","Midsummer Fire Festival","0","256","","","","","2","0","Certain, so tagged. Blizzard's API files it under the quest category 'Midsummer' (369); TrinityCore lists it too, in its Midsummer Fire Festival event (1). Approved with the group on 2026-10-09."
"11972","Shards of Ahune","SET","Midsummer Fire Festival","0","256","","","","","0","0","Certain, so tagged. Blizzard's API files it under the quest category 'Midsummer' (369); TrinityCore lists it too, in its Midsummer Fire Festival event (1). Approved with the group on 2026-10-09."
"12012","Inform the Elder","SET","Midsummer Fire Festival","0","256","","","","","0","0","Certain, so tagged. Blizzard's API files it under the quest category 'Midsummer' (369); TrinityCore lists it too, in its Midsummer Fire Festival event (1). Approved with the group on 2026-10-09."
"29092","Inform the Elder","SET","Midsummer Fire Festival","0","256","","","","","0","0","Certain, so tagged. Blizzard's API files it under the quest category 'Midsummer' (369). Approved with the group on 2026-10-09."
"47430","Moonkin Monitoring","SET","Moonkin Festival","0","131072","","","","","1","0","Certain, so tagged. Blizzard's API files it under the quest category 'Moonkin Festival' (433), the only quest in it, and its reward is the spell Moonkin Hatchling. The client's Holidays table has the event under that name as ID 694, so qcHolidays has a flag for it. TrinityCore has no game event for it. Tagged on 2026-10-10, when the flag was added."
"42758","You're Gonna Need A Bigger Boat!","SET","Pirates' Day","0","2048","","","","","0","0","Certain, so tagged. Blizzard's API files it under the quest category 'Pirates' Day' (430). Approved with the group on 2026-10-09."
"11755","Desecrate this Fire!","CORRECT","Midsummer Fire Festival","16","256","90","133","Hallow's End","Midsummer","0","0","Wrong tag, corrected. Tagged Hallow's End (16) and filed in Hallow's End (90) because the original data labelled these quests 'Candy Bucket' (commit 297462d gave them Blizzard's title 'Desecrate this Fire!' and left the tag, zone and category). It is a Midsummer Fire Festival quest: TrinityCore lists it in the Midsummer Fire Festival event (1), its reward is the Burning Blossom, and the other 95 quests of the name are all tagged Midsummer (256) and filed in Midsummer (133); Blizzard's API files it under the general 'Seasonal' category, so it names no holiday. Tag set to Midsummer Fire Festival (256) and quest moved to Midsummer (133). Its zone text is set to 'Midsummer' as well, like the other 262 quests of Midsummer (133). Approved with the group on 2026-10-09."
"11764","Desecrate this Fire!","CORRECT","Midsummer Fire Festival","16","256","90","133","Hallow's End","Midsummer","0","0","Wrong tag, corrected. Tagged Hallow's End (16) and filed in Hallow's End (90) because the original data labelled these quests 'Candy Bucket' (commit 297462d gave them Blizzard's title 'Desecrate this Fire!' and left the tag, zone and category). It is a Midsummer Fire Festival quest: TrinityCore lists it in the Midsummer Fire Festival event (1), its reward is the Burning Blossom, and the other 95 quests of the name are all tagged Midsummer (256) and filed in Midsummer (133); Blizzard's API files it under the general 'Seasonal' category, so it names no holiday. Tag set to Midsummer Fire Festival (256) and quest moved to Midsummer (133). Its zone text is set to 'Midsummer' as well, like the other 262 quests of Midsummer (133). Approved with the group on 2026-10-09."
"11766","Desecrate this Fire!","CORRECT","Midsummer Fire Festival","16","256","90","133","Hallow's End","Midsummer","0","0","Wrong tag, corrected. Tagged Hallow's End (16) and filed in Hallow's End (90) because the original data labelled these quests 'Candy Bucket' (commit 297462d gave them Blizzard's title 'Desecrate this Fire!' and left the tag, zone and category). It is a Midsummer Fire Festival quest: TrinityCore lists it in the Midsummer Fire Festival event (1), its reward is the Burning Blossom, and the other 95 quests of the name are all tagged Midsummer (256) and filed in Midsummer (133); Blizzard's API files it under the general 'Seasonal' category, so it names no holiday. Tag set to Midsummer Fire Festival (256) and quest moved to Midsummer (133). Its zone text is set to 'Midsummer' as well, like the other 262 quests of Midsummer (133). Approved with the group on 2026-10-09."
"11768","Desecrate this Fire!","CORRECT","Midsummer Fire Festival","16","256","90","133","Hallow's End","Midsummer","0","0","Wrong tag, corrected. Tagged Hallow's End (16) and filed in Hallow's End (90) because the original data labelled these quests 'Candy Bucket' (commit 297462d gave them Blizzard's title 'Desecrate this Fire!' and left the tag, zone and category). It is a Midsummer Fire Festival quest: TrinityCore lists it in the Midsummer Fire Festival event (1), its reward is the Burning Blossom, and the other 95 quests of the name are all tagged Midsummer (256) and filed in Midsummer (133); Blizzard's API files it under the general 'Seasonal' category, so it names no holiday. Tag set to Midsummer Fire Festival (256) and quest moved to Midsummer (133). Its zone text is set to 'Midsummer' as well, like the other 262 quests of Midsummer (133). Approved with the group on 2026-10-09."
"11781","Desecrate this Fire!","CORRECT","Midsummer Fire Festival","16","256","90","133","Hallow's End","Midsummer","0","0","Wrong tag, corrected. Tagged Hallow's End (16) and filed in Hallow's End (90) because the original data labelled these quests 'Candy Bucket' (commit 297462d gave them Blizzard's title 'Desecrate this Fire!' and left the tag, zone and category). It is a Midsummer Fire Festival quest: TrinityCore lists it in the Midsummer Fire Festival event (1), its reward is the Burning Blossom, and the other 95 quests of the name are all tagged Midsummer (256) and filed in Midsummer (133); Blizzard's API files it under the general 'Seasonal' category, so it names no holiday. Tag set to Midsummer Fire Festival (256) and quest moved to Midsummer (133). Its zone text is set to 'Midsummer' as well, like the other 262 quests of Midsummer (133). Approved with the group on 2026-10-09."
"11784","Desecrate this Fire!","CORRECT","Midsummer Fire Festival","16","256","90","133","Hallow's End","Midsummer","0","0","Wrong tag, corrected. Tagged Hallow's End (16) and filed in Hallow's End (90) because the original data labelled these quests 'Candy Bucket' (commit 297462d gave them Blizzard's title 'Desecrate this Fire!' and left the tag, zone and category). It is a Midsummer Fire Festival quest: TrinityCore lists it in the Midsummer Fire Festival event (1), its reward is the Burning Blossom, and the other 95 quests of the name are all tagged Midsummer (256) and filed in Midsummer (133); Blizzard's API files it under the general 'Seasonal' category, so it names no holiday. Tag set to Midsummer Fire Festival (256) and quest moved to Midsummer (133). Its zone text is set to 'Midsummer' as well, like the other 262 quests of Midsummer (133). Approved with the group on 2026-10-09."
"11801","Desecrate this Fire!","CORRECT","Midsummer Fire Festival","16","256","90","133","Hallow's End","Midsummer","0","0","Wrong tag, corrected. Tagged Hallow's End (16) and filed in Hallow's End (90) because the original data labelled these quests 'Candy Bucket' (commit 297462d gave them Blizzard's title 'Desecrate this Fire!' and left the tag, zone and category). It is a Midsummer Fire Festival quest: TrinityCore lists it in the Midsummer Fire Festival event (1), its reward is the Burning Blossom, and the other 95 quests of the name are all tagged Midsummer (256) and filed in Midsummer (133); Blizzard's API files it under the general 'Seasonal' category, so it names no holiday. Tag set to Midsummer Fire Festival (256) and quest moved to Midsummer (133). Its zone text is set to 'Midsummer' as well, like the other 262 quests of Midsummer (133). Approved with the group on 2026-10-09."
"28911","Desecrate this Fire!","CORRECT","Midsummer Fire Festival","16","256","90","133","Hallow's End","Midsummer","1","0","Wrong tag, corrected. Tagged Hallow's End (16) and filed in Hallow's End (90) because the original data labelled these quests 'Candy Bucket' (commit 297462d gave them Blizzard's title 'Desecrate this Fire!' and left the tag, zone and category). It is a Midsummer Fire Festival quest: TrinityCore lists it in the Midsummer Fire Festival event (1), its reward is the Burning Blossom, and the other 95 quests of the name are all tagged Midsummer (256) and filed in Midsummer (133); Blizzard's API files it under the general 'Seasonal' category, so it names no holiday. Tag set to Midsummer Fire Festival (256) and quest moved to Midsummer (133). Its zone text is set to 'Midsummer' as well, like the other 262 quests of Midsummer (133). Approved with the group on 2026-10-09."
"28917","Desecrate this Fire!","CORRECT","Midsummer Fire Festival","16","256","90","133","Hallow's End","Midsummer","0","0","Wrong tag, corrected. Tagged Hallow's End (16) and filed in Hallow's End (90) because the original data labelled these quests 'Candy Bucket' (commit 297462d gave them Blizzard's title 'Desecrate this Fire!' and left the tag, zone and category). It is a Midsummer Fire Festival quest: TrinityCore lists it in the Midsummer Fire Festival event (1), its reward is the Burning Blossom, and the other 95 quests of the name are all tagged Midsummer (256) and filed in Midsummer (133); Blizzard's API files it under the general 'Seasonal' category, so it names no holiday. Tag set to Midsummer Fire Festival (256) and quest moved to Midsummer (133). Its zone text is set to 'Midsummer' as well, like the other 262 quests of Midsummer (133). Approved with the group on 2026-10-09."
"93452","Retrieved Crumpled Present","CORRECT","Feast of Winter Veil","1","8","31","413","Brewfest","Winter Veil","0","0","Wrong tag, corrected. Tagged Brewfest (1) and filed in Brewfest (31) since the 109.97 sync added it. Its text in Blizzard's API is about the Greench's minions and the Winter Festivities planners, so it belongs to the Feast of Winter Veil; the API gives it no quest category and TrinityCore no event. Tag set to Feast of Winter Veil (8) and quest moved to Winter Veil (413). Its zone text is set to 'Winter Veil' as well, like the other 23 quests of Winter Veil (413). Approved with the group on 2026-10-09."
"56322","Contained Alemental","PENDING","Brewfest","0","1","","","","","0","","Filed under Brewfest (category 31, zone text Brewfest) since the 109.97 sync of 2026-09-20. Wowhead's quick facts list 'Event: Brewfest' for it: an Alliance daily that rewards 10 Brewfest Prize Tokens and 5 Flightstones, added in patch 8.2.0. Its neighbours 56341 and 56716, both named 'Direbrew Cog', are SET rows on the API's Brewfest category (370), and our own database files it with them. Blizzard's API has no record of it (404) and TrinityCore does not list it. A judgment call. Left out by the user's decision of 2026-10-09. A candidate to tag if the user wants."
"92567","Drustvar Candy Exchange","PENDING","Hallow's End","0","16","","","","","0","","Its reward is the Tricky Treat, which 22 Hallow's End quests give, but its description ('I've got a deal for you today!') names no holiday and it has no API quest category. A judgment call. Left out by the user's decision of 2026-10-09."
"92569","Felwood Candy Exchange","PENDING","Hallow's End","0","16","","","","","0","","Its reward is the Tricky Treat, which 22 Hallow's End quests give, but its description ('I've got a deal for you today!') names no holiday and it has no API quest category. A judgment call. Left out by the user's decision of 2026-10-09."
"32175","Darkmoon Pet Battle!","PENDING","Darkmoon Faire","0","8192","","","","","1","","The Darkmoon pet battle daily: the name and the reward (Darkmoon Pet Supplies) name the faire and its giver, Jeremy Feasel, stands on the Darkmoon Island map; but the API files it under Battle Pets, not the faire, and the Warlock questline on the same island was left untagged because the island is reachable all year (commit 2c995a7). A judgment call. Left out by the user's decision of 2026-10-09."
"36471","A New Darkmoon Challenger!","PENDING","Darkmoon Faire","0","8192","","","","","1","","The Darkmoon pet battle challenge: the name and the reward (Greater Darkmoon Pet Supplies) name the faire and its giver, Christoph VonFeasel, stands on the Darkmoon Island map; but the API files it under Battle Pets, not the faire, and the Warlock questline on the same island was left untagged because the island is reachable all year (commit 2c995a7). A judgment call. Left out by the user's decision of 2026-10-09."
"39020","A Burning Path Through Time","PENDING","Weekly bonus events","0","","","","","","0","","It sits in the 'Weekly Events' category (1735), where File-WeeklyEventQuests.ps1 put it by name, and Blizzard's API has no record of it (404). The event has no flag in qcHolidays, so adding one is a separate decision. Not decided: left untagged."
"39021","A Frozen Path Through Time","PENDING","Weekly bonus events","0","","","","","","0","","It sits in the 'Weekly Events' category (1735), where File-WeeklyEventQuests.ps1 put it by name, and Blizzard's API has no record of it (404). The event has no flag in qcHolidays, so adding one is a separate decision. Not decided: left untagged."
"39033","The Time to Strike","PENDING","Weekly bonus events","0","","","","","","0","","Blizzard's API files it under the quest category 'Weekly Event' (409), and it sits in the 'Weekly Events' category (1735). The event has no flag in qcHolidays, so adding one is a separate decision. Not decided: left untagged."
"39034","Emissary of War","PENDING","Weekly bonus events","0","","","","","","0","","Blizzard's API files it under the quest category 'Weekly Event' (409), and it sits in the 'Weekly Events' category (1735). The event has no flag in qcHolidays, so adding one is a separate decision. Not decided: left untagged."
"39040","A Call to Battle","PENDING","Weekly bonus events","0","","","","","","0","","Blizzard's API files it under the quest category 'Weekly Event' (409), and it sits in the 'Weekly Events' category (1735). The event has no flag in qcHolidays, so adding one is a separate decision. Not decided: left untagged."
"39041","The Arena Calls","PENDING","Weekly bonus events","0","","","","","","0","","Blizzard's API files it under the quest category 'Weekly Event' (409), and it sits in the 'Weekly Events' category (1735). The event has no flag in qcHolidays, so adding one is a separate decision. Not decided: left untagged."
"39042","The Very Best","PENDING","Weekly bonus events","0","","","","","","0","","Blizzard's API files it under the quest category 'Weekly Event' (409), and it sits in the 'Weekly Events' category (1735). The event has no flag in qcHolidays, so adding one is a separate decision. Not decided: left untagged."
"44174","The Very Best","PENDING","Weekly bonus events","0","","","","","","1","","It sits in the 'Weekly Events' category (1735), where File-WeeklyEventQuests.ps1 put it by name, and Blizzard's API has no record of it (404). The event has no flag in qcHolidays, so adding one is a separate decision. Not decided: left untagged."
"53032","A Burning Path Through Time","PENDING","Weekly bonus events","0","","","","","","2","","It sits in the 'Weekly Events' category (1735), where File-WeeklyEventQuests.ps1 put it by name, and Blizzard's API has no record of it (404). The event has no flag in qcHolidays, so adding one is a separate decision. Not decided: left untagged."
"53033","A Frozen Path Through Time","PENDING","Weekly bonus events","0","","","","","","2","","It sits in the 'Weekly Events' category (1735), where File-WeeklyEventQuests.ps1 put it by name, and Blizzard's API has no record of it (404). The event has no flag in qcHolidays, so adding one is a separate decision. Not decided: left untagged."
"53034","A Shattered Path Through Time","PENDING","Weekly bonus events","0","","","","","","2","","It sits in the 'Weekly Events' category (1735), where File-WeeklyEventQuests.ps1 put it by name, and Blizzard's API has no record of it (404). The event has no flag in qcHolidays, so adding one is a separate decision. Not decided: left untagged."
"53035","A Shrouded Path Through Time","PENDING","Weekly bonus events","0","","","","","","2","","It sits in the 'Weekly Events' category (1735), where File-WeeklyEventQuests.ps1 put it by name, and Blizzard's API has no record of it (404). The event has no flag in qcHolidays, so adding one is a separate decision. Not decided: left untagged."
"53036","A Call to Battle","PENDING","Weekly bonus events","0","","","","","","2","","It sits in the 'Weekly Events' category (1735), where File-WeeklyEventQuests.ps1 put it by name, and Blizzard's API has no record of it (404). The event has no flag in qcHolidays, so adding one is a separate decision. Not decided: left untagged."
"53037","Emissary of War","PENDING","Weekly bonus events","0","","","","","","2","","It sits in the 'Weekly Events' category (1735), where File-WeeklyEventQuests.ps1 put it by name, and Blizzard's API has no record of it (404). The event has no flag in qcHolidays, so adding one is a separate decision. Not decided: left untagged."
"53038","The Very Best","PENDING","Weekly bonus events","0","","","","","","2","","It sits in the 'Weekly Events' category (1735), where File-WeeklyEventQuests.ps1 put it by name, and Blizzard's API has no record of it (404). The event has no flag in qcHolidays, so adding one is a separate decision. Not decided: left untagged."
"53039","The Arena Calls","PENDING","Weekly bonus events","0","","","","","","2","","It sits in the 'Weekly Events' category (1735), where File-WeeklyEventQuests.ps1 put it by name, and Blizzard's API has no record of it (404). The event has no flag in qcHolidays, so adding one is a separate decision. Not decided: left untagged."
"54995","A Savage Path Through Time","PENDING","Weekly bonus events","0","","","","","","2","","It sits in the 'Weekly Events' category (1735), where File-WeeklyEventQuests.ps1 put it by name, and Blizzard's API has no record of it (404). The event has no flag in qcHolidays, so adding one is a separate decision. Not decided: left untagged."
"64970","Timeworn Keystone: The Broken Isles","PENDING","Weekly bonus events","0","","","","","","0","","Blizzard's API files it under the quest category 'Weekly Event' (409), and it sits in the 'Weekly Events' category (1735). The event has no flag in qcHolidays, so adding one is a separate decision. Not decided: left untagged."
"83274","An Original Path Through Time","PENDING","Weekly bonus events","0","","","","","","1","","It sits in the 'Weekly Events' category (1735), where File-WeeklyEventQuests.ps1 put it by name, and Blizzard's API has no record of it (404). The event has no flag in qcHolidays, so adding one is a separate decision. Not decided: left untagged."
"83345","A Call to Battle","PENDING","Weekly bonus events","0","","","","","","0","","It sits in the 'Weekly Events' category (1735), where File-WeeklyEventQuests.ps1 put it by name, and Blizzard's API has no record of it (404). The event has no flag in qcHolidays, so adding one is a separate decision. Not decided: left untagged."
"83347","Emissary of War","PENDING","Weekly bonus events","0","","","","","","1","","It sits in the 'Weekly Events' category (1735), where File-WeeklyEventQuests.ps1 put it by name, and Blizzard's API has no record of it (404). The event has no flag in qcHolidays, so adding one is a separate decision. Not decided: left untagged."
"83357","The Very Best","PENDING","Weekly bonus events","0","","","","","","1","","It sits in the 'Weekly Events' category (1735), where File-WeeklyEventQuests.ps1 put it by name, and Blizzard's API has no record of it (404). The event has no flag in qcHolidays, so adding one is a separate decision. Not decided: left untagged."
"83358","The Arena Calls","PENDING","Weekly bonus events","0","","","","","","1","","It sits in the 'Weekly Events' category (1735), where File-WeeklyEventQuests.ps1 put it by name, and Blizzard's API has no record of it (404). The event has no flag in qcHolidays, so adding one is a separate decision. Not decided: left untagged."
"83359","A Shattered Path Through Time","PENDING","Weekly bonus events","0","","","","","","1","","It sits in the 'Weekly Events' category (1735), where File-WeeklyEventQuests.ps1 put it by name, and Blizzard's API has no record of it (404). The event has no flag in qcHolidays, so adding one is a separate decision. Not decided: left untagged."
"83360","A Fel Path Through Time","PENDING","Weekly bonus events","0","","","","","","1","","It sits in the 'Weekly Events' category (1735), where File-WeeklyEventQuests.ps1 put it by name, and Blizzard's API has no record of it (404). The event has no flag in qcHolidays, so adding one is a separate decision. Not decided: left untagged."
"83362","A Shrouded Path Through Time","PENDING","Weekly bonus events","0","","","","","","1","","It sits in the 'Weekly Events' category (1735), where File-WeeklyEventQuests.ps1 put it by name, and Blizzard's API has no record of it (404). The event has no flag in qcHolidays, so adding one is a separate decision. Not decided: left untagged."
"83363","A Burning Path Through Time","PENDING","Weekly bonus events","0","","","","","","1","","It sits in the 'Weekly Events' category (1735), where File-WeeklyEventQuests.ps1 put it by name, and Blizzard's API has no record of it (404). The event has no flag in qcHolidays, so adding one is a separate decision. Not decided: left untagged."
"83364","A Savage Path Through Time","PENDING","Weekly bonus events","0","","","","","","1","","It sits in the 'Weekly Events' category (1735), where File-WeeklyEventQuests.ps1 put it by name, and Blizzard's API has no record of it (404). The event has no flag in qcHolidays, so adding one is a separate decision. Not decided: left untagged."
"83365","A Frozen Path Through Time","PENDING","Weekly bonus events","0","","","","","","1","","It sits in the 'Weekly Events' category (1735), where File-WeeklyEventQuests.ps1 put it by name, and Blizzard's API has no record of it (404). The event has no flag in qcHolidays, so adding one is a separate decision. Not decided: left untagged."
"83366","The World Awaits","PENDING","Weekly bonus events","0","","","","","","1","","It sits in the 'Weekly Events' category (1735), where File-WeeklyEventQuests.ps1 put it by name, and Blizzard's API has no record of it (404). The event has no flag in qcHolidays, so adding one is a separate decision. Not decided: left untagged."
"84776","A Call to Delves","PENDING","Weekly bonus events","0","","","","","","1","","It sits in the 'Weekly Events' category (1735), where File-WeeklyEventQuests.ps1 put it by name, and Blizzard's API has no record of it (404). The event has no flag in qcHolidays, so adding one is a separate decision. Not decided: left untagged."
"85947","An Original Journey Through Time","PENDING","Weekly bonus events","0","","","","","","1","","Blizzard's API files it under the quest category 'Weekly Event' (409), and it sits in the 'Weekly Events' category (1735). The event has no flag in qcHolidays, so adding one is a separate decision. Not decided: left untagged."
"85948","A Burning Journey Through Time","PENDING","Weekly bonus events","0","","","","","","1","","Blizzard's API files it under the quest category 'Weekly Event' (409), and it sits in the 'Weekly Events' category (1735). The event has no flag in qcHolidays, so adding one is a separate decision. Not decided: left untagged."
"85949","A Frozen Journey Through Time","PENDING","Weekly bonus events","0","","","","","","0","","Blizzard's API files it under the quest category 'Weekly Event' (409), and it sits in the 'Weekly Events' category (1735). The event has no flag in qcHolidays, so adding one is a separate decision. Not decided: left untagged."
"86556","A Shattered Journey Through Time","PENDING","Weekly bonus events","0","","","","","","2","","Blizzard's API files it under the quest category 'Weekly Event' (409), and it sits in the 'Weekly Events' category (1735). The event has no flag in qcHolidays, so adding one is a separate decision. Not decided: left untagged."
"86560","A Shrouded Journey Through Time","PENDING","Weekly bonus events","0","","","","","","1","","Blizzard's API files it under the quest category 'Weekly Event' (409), and it sits in the 'Weekly Events' category (1735). The event has no flag in qcHolidays, so adding one is a separate decision. Not decided: left untagged."
"86563","A Savage Journey Through Time","PENDING","Weekly bonus events","0","","","","","","0","","Blizzard's API files it under the quest category 'Weekly Event' (409), and it sits in the 'Weekly Events' category (1735). The event has no flag in qcHolidays, so adding one is a separate decision. Not decided: left untagged."
"86564","A Fel Journey Through Time","PENDING","Weekly bonus events","0","","","","","","0","","Blizzard's API files it under the quest category 'Weekly Event' (409), and it sits in the 'Weekly Events' category (1735). The event has no flag in qcHolidays, so adding one is a separate decision. Not decided: left untagged."
"86731","An Original Path Through Time","PENDING","Weekly bonus events","0","","","","","","1","","It sits in the 'Weekly Events' category (1735), where File-WeeklyEventQuests.ps1 put it by name, and Blizzard's API has no record of it (404). The event has no flag in qcHolidays, so adding one is a separate decision. Not decided: left untagged."
"88805","A Scarred Path Through Time","PENDING","Weekly bonus events","0","","","","","","1","","It sits in the 'Weekly Events' category (1735), where File-WeeklyEventQuests.ps1 put it by name, and Blizzard's API has no record of it (404). The event has no flag in qcHolidays, so adding one is a separate decision. Not decided: left untagged."
"88808","A Scarred Journey Through Time","PENDING","Weekly bonus events","0","","","","","","2","","Blizzard's API files it under the quest category 'Weekly Event' (409), and it sits in the 'Weekly Events' category (1735). The event has no flag in qcHolidays, so adding one is a separate decision. Not decided: left untagged."
"92647","A Shadowed Journey Through Time","PENDING","Weekly bonus events","0","","","","","","0","","Blizzard's API files it under the quest category 'Weekly Event' (409), and it sits in the 'Weekly Events' category (1735). The event has no flag in qcHolidays, so adding one is a separate decision. Not decided: left untagged."
"92649","A Shadowed Path Through Time","PENDING","Weekly bonus events","0","","","","","","1","","It sits in the 'Weekly Events' category (1735), where File-WeeklyEventQuests.ps1 put it by name, and Blizzard's API has no record of it (404). The event has no flag in qcHolidays, so adding one is a separate decision. Not decided: left untagged."
"93593","A Call to Battle","PENDING","Weekly bonus events","0","","","","","","0","","Blizzard's API files it under the quest category 'Weekly Event' (409), and it sits in the 'Weekly Events' category (1735). The event has no flag in qcHolidays, so adding one is a separate decision. Not decided: left untagged."
"93595","A Call to Delves","PENDING","Weekly bonus events","0","","","","","","0","","Blizzard's API files it under the quest category 'Weekly Event' (409), and it sits in the 'Weekly Events' category (1735). The event has no flag in qcHolidays, so adding one is a separate decision. Not decided: left untagged."
"93599","The Very Best","PENDING","Weekly bonus events","0","","","","","","0","","Blizzard's API files it under the quest category 'Weekly Event' (409), and it sits in the 'Weekly Events' category (1735). The event has no flag in qcHolidays, so adding one is a separate decision. Not decided: left untagged."
"93600","The Arena Calls","PENDING","Weekly bonus events","0","","","","","","0","","Blizzard's API files it under the quest category 'Weekly Event' (409), and it sits in the 'Weekly Events' category (1735). The event has no flag in qcHolidays, so adding one is a separate decision. Not decided: left untagged."
"93605","The World Awaits","PENDING","Weekly bonus events","0","","","","","","0","","Blizzard's API files it under the quest category 'Weekly Event' (409), and it sits in the 'Weekly Events' category (1735). The event has no flag in qcHolidays, so adding one is a separate decision. Not decided: left untagged."
"93608","A Burning Path Through Time","PENDING","Weekly bonus events","0","","","","","","0","","Blizzard's API files it under the quest category 'Weekly Event' (409), and it sits in the 'Weekly Events' category (1735). The event has no flag in qcHolidays, so adding one is a separate decision. Not decided: left untagged."
"93612","A Shrouded Path Through Time","PENDING","Weekly bonus events","0","","","","","","0","","Blizzard's API files it under the quest category 'Weekly Event' (409), and it sits in the 'Weekly Events' category (1735). The event has no flag in qcHolidays, so adding one is a separate decision. Not decided: left untagged."
"93613","A Savage Path Through Time","PENDING","Weekly bonus events","0","","","","","","0","","Blizzard's API files it under the quest category 'Weekly Event' (409), and it sits in the 'Weekly Events' category (1735). The event has no flag in qcHolidays, so adding one is a separate decision. Not decided: left untagged."
"93628","A Shadowed Path Through Time","PENDING","Weekly bonus events","0","","","","","","0","","Blizzard's API files it under the quest category 'Weekly Event' (409), and it sits in the 'Weekly Events' category (1735). The event has no flag in qcHolidays, so adding one is a separate decision. Not decided: left untagged."
"83794","Soggy Celebration Crate","PENDING","Secrets of Azeroth","0","","","","","","0","","Blizzard's API files it under the quest category 'Secrets of Azeroth' (646). The event has no flag in qcHolidays, so adding one is a separate decision. Not decided: left untagged."
"83825","Restoring A Grand Tale","PENDING","Secrets of Azeroth","0","","","","","","1","","Blizzard's API files it under the quest category 'Secrets of Azeroth' (646). The event has no flag in qcHolidays, so adding one is a separate decision. Not decided: left untagged."
"83832","Torn Dreams","PENDING","Secrets of Azeroth","0","","","","","","1","","Blizzard's API files it under the quest category 'Secrets of Azeroth' (646). The event has no flag in qcHolidays, so adding one is a separate decision. Not decided: left untagged."
"83931","Battered Celebration Crate","PENDING","Secrets of Azeroth","0","","","","","","0","","Blizzard's API files it under the quest category 'Secrets of Azeroth' (646). The event has no flag in qcHolidays, so adding one is a separate decision. Not decided: left untagged."
"84143","Lost and Busy","PENDING","Secrets of Azeroth","0","","","","","","1","","Blizzard's API files it under the quest category 'Secrets of Azeroth' (646). The event has no flag in qcHolidays, so adding one is a separate decision. Not decided: left untagged."
"84144","Tat Big Meanie","PENDING","Secrets of Azeroth","0","","","","","","1","","Blizzard's API files it under the quest category 'Secrets of Azeroth' (646). The event has no flag in qcHolidays, so adding one is a separate decision. Not decided: left untagged."
"84236","The Great Detective","PENDING","Secrets of Azeroth","0","","","","","","1","","Blizzard's API files it under the quest category 'Secrets of Azeroth' (646). The event has no flag in qcHolidays, so adding one is a separate decision. Not decided: left untagged."
"84237","The ""Great"" Detective","PENDING","Secrets of Azeroth","0","","","","","","1","","Blizzard's API files it under the quest category 'Secrets of Azeroth' (646). The event has no flag in qcHolidays, so adding one is a separate decision. Not decided: left untagged."
"84278","Tracking Quest","PENDING","Secrets of Azeroth","0","","","","","","1","","Blizzard's API files it under the quest category 'Secrets of Azeroth' (646). The event has no flag in qcHolidays, so adding one is a separate decision. Not decided: left untagged."
"84296","The Trail's Gone Cold","PENDING","Secrets of Azeroth","0","","","","","","2","","Blizzard's API files it under the quest category 'Secrets of Azeroth' (646). The event has no flag in qcHolidays, so adding one is a separate decision. Not decided: left untagged."
"84334","Warn the Detective","PENDING","Secrets of Azeroth","0","","","","","","1","","Blizzard's API files it under the quest category 'Secrets of Azeroth' (646). The event has no flag in qcHolidays, so adding one is a separate decision. Not decided: left untagged."
"84336","Spot the Difference","PENDING","Secrets of Azeroth","0","","","","","","1","","Blizzard's API files it under the quest category 'Secrets of Azeroth' (646). The event has no flag in qcHolidays, so adding one is a separate decision. Not decided: left untagged."
"84363","Tweasure Hunt","PENDING","Secrets of Azeroth","0","","","","","","1","","Blizzard's API files it under the quest category 'Secrets of Azeroth' (646). The event has no flag in qcHolidays, so adding one is a separate decision. Not decided: left untagged."
"84393","Da Stick of Revealing","PENDING","Secrets of Azeroth","0","","","","","","1","","Blizzard's API files it under the quest category 'Secrets of Azeroth' (646). The event has no flag in qcHolidays, so adding one is a separate decision. Not decided: left untagged."
"84419","To da Ruins!","PENDING","Secrets of Azeroth","0","","","","","","1","","Blizzard's API files it under the quest category 'Secrets of Azeroth' (646). The event has no flag in qcHolidays, so adding one is a separate decision. Not decided: left untagged."
"84426","Waterlogged Celebration Crate","PENDING","Secrets of Azeroth","0","","","","","","0","","Blizzard's API files it under the quest category 'Secrets of Azeroth' (646). The event has no flag in qcHolidays, so adding one is a separate decision. Not decided: left untagged."
"84435","Nola's Last Wish","PENDING","Secrets of Azeroth","0","","","","","","1","","Blizzard's API files it under the quest category 'Secrets of Azeroth' (646). The event has no flag in qcHolidays, so adding one is a separate decision. Not decided: left untagged."
"84469","Battle Pet Bingo","PENDING","Secrets of Azeroth","0","","","","","","1","","Blizzard's API files it under the quest category 'Secrets of Azeroth' (646). The event has no flag in qcHolidays, so adding one is a separate decision. Not decided: left untagged."
"84470","Dirt-Caked Celebration Crate","PENDING","Secrets of Azeroth","0","","","","","","0","","Blizzard's API files it under the quest category 'Secrets of Azeroth' (646). The event has no flag in qcHolidays, so adding one is a separate decision. Not decided: left untagged."
"84506","Pet Pursuit","PENDING","Secrets of Azeroth","0","","","","","","1","","Blizzard's API files it under the quest category 'Secrets of Azeroth' (646). The event has no flag in qcHolidays, so adding one is a separate decision. Not decided: left untagged."
"84521","Thoughtful Pursuits","PENDING","Secrets of Azeroth","0","","","","","","1","","Blizzard's API files it under the quest category 'Secrets of Azeroth' (646). The event has no flag in qcHolidays, so adding one is a separate decision. Not decided: left untagged."
"84563","Toy Trouble","PENDING","Secrets of Azeroth","0","","","","","","1","","Blizzard's API files it under the quest category 'Secrets of Azeroth' (646). The event has no flag in qcHolidays, so adding one is a separate decision. Not decided: left untagged."
"84583","A Hozen On My Back","PENDING","Secrets of Azeroth","0","","","","","","1","","Blizzard's API files it under the quest category 'Secrets of Azeroth' (646). The event has no flag in qcHolidays, so adding one is a separate decision. Not decided: left untagged."
"84588","Operation Toy Rescue","PENDING","Secrets of Azeroth","0","","","","","","1","","Blizzard's API files it under the quest category 'Secrets of Azeroth' (646). The event has no flag in qcHolidays, so adding one is a separate decision. Not decided: left untagged."
"84595","The Case of the Fur-Getting Wikket","PENDING","Secrets of Azeroth","0","","","","","","1","","Blizzard's API files it under the quest category 'Secrets of Azeroth' (646). The event has no flag in qcHolidays, so adding one is a separate decision. Not decided: left untagged."
"84624","Sandy Celebration Crate","PENDING","Secrets of Azeroth","0","","","","","","0","","Blizzard's API files it under the quest category 'Secrets of Azeroth' (646). The event has no flag in qcHolidays, so adding one is a separate decision. Not decided: left untagged."
"84625","Surprisingly Pristine Celebration Crate","PENDING","Secrets of Azeroth","0","","","","","","0","","Blizzard's API files it under the quest category 'Secrets of Azeroth' (646). The event has no flag in qcHolidays, so adding one is a separate decision. Not decided: left untagged."
"84684","Ratts' Race","PENDING","Secrets of Azeroth","0","","","","","","1","","Blizzard's API files it under the quest category 'Secrets of Azeroth' (646). The event has no flag in qcHolidays, so adding one is a separate decision. Not decided: left untagged."
"84755","The Final Toy","PENDING","Secrets of Azeroth","0","","","","","","1","","Blizzard's API files it under the quest category 'Secrets of Azeroth' (646). The event has no flag in qcHolidays, so adding one is a separate decision. Not decided: left untagged."
"84756","The Toy Thief","PENDING","Secrets of Azeroth","0","","","","","","1","","Blizzard's API files it under the quest category 'Secrets of Azeroth' (646). The event has no flag in qcHolidays, so adding one is a separate decision. Not decided: left untagged."
"84767","Charred Celebration Crate","PENDING","Secrets of Azeroth","0","","","","","","0","","Blizzard's API files it under the quest category 'Secrets of Azeroth' (646). The event has no flag in qcHolidays, so adding one is a separate decision. Not decided: left untagged."
"84773","Crystalized Celebration Crate","PENDING","Secrets of Azeroth","0","","","","","","0","","Blizzard's API files it under the quest category 'Secrets of Azeroth' (646). The event has no flag in qcHolidays, so adding one is a separate decision. Not decided: left untagged."
"84781","Master of Secrets","PENDING","Secrets of Azeroth","0","","","","","","0","","Blizzard's API files it under the quest category 'Secrets of Azeroth' (646). The event has no flag in qcHolidays, so adding one is a separate decision. Not decided: left untagged."
"84868","A Whiff of Help","PENDING","Secrets of Azeroth","0","","","","","","1","","Blizzard's API files it under the quest category 'Secrets of Azeroth' (646). The event has no flag in qcHolidays, so adding one is a separate decision. Not decided: left untagged."
"84882","Deck Dismay","PENDING","Secrets of Azeroth","0","","","","","","0","","Blizzard's API files it under the quest category 'Secrets of Azeroth' (646). The event has no flag in qcHolidays, so adding one is a separate decision. Not decided: left untagged."
"84909","Ghostly Celebration Crate","PENDING","Secrets of Azeroth","0","","","","","","0","","Blizzard's API files it under the quest category 'Secrets of Azeroth' (646). The event has no flag in qcHolidays, so adding one is a separate decision. Not decided: left untagged."
"84912","The Show Must Go On","PENDING","Secrets of Azeroth","0","","","","","","1","","Blizzard's API files it under the quest category 'Secrets of Azeroth' (646). The event has no flag in qcHolidays, so adding one is a separate decision. Not decided: left untagged."
"84923","A Bird's Tale","PENDING","Secrets of Azeroth","0","","","","","","1","","Blizzard's API files it under the quest category 'Secrets of Azeroth' (646). The event has no flag in qcHolidays, so adding one is a separate decision. Not decided: left untagged."
"84924","A Bird's Tail","PENDING","Secrets of Azeroth","0","","","","","","1","","Blizzard's API files it under the quest category 'Secrets of Azeroth' (646). The event has no flag in qcHolidays, so adding one is a separate decision. Not decided: left untagged."
"84932","A Legacy of Destruction","PENDING","Secrets of Azeroth","0","","","","","","1","","Blizzard's API files it under the quest category 'Secrets of Azeroth' (646). The event has no flag in qcHolidays, so adding one is a separate decision. Not decided: left untagged."
"84933","From Ashes to Wisdom","PENDING","Secrets of Azeroth","0","","","","","","1","","Blizzard's API files it under the quest category 'Secrets of Azeroth' (646). The event has no flag in qcHolidays, so adding one is a separate decision. Not decided: left untagged."
"84985","Not Ready on Set","PENDING","Secrets of Azeroth","0","","","","","","1","","Blizzard's API files it under the quest category 'Secrets of Azeroth' (646). The event has no flag in qcHolidays, so adding one is a separate decision. Not decided: left untagged."
"85024","Toy Trouble","PENDING","Secrets of Azeroth","0","","","","","","1","","Blizzard's API files it under the quest category 'Secrets of Azeroth' (646). The event has no flag in qcHolidays, so adding one is a separate decision. Not decided: left untagged."
"85025","Operation Toy Rescue","PENDING","Secrets of Azeroth","0","","","","","","1","","Blizzard's API files it under the quest category 'Secrets of Azeroth' (646). The event has no flag in qcHolidays, so adding one is a separate decision. Not decided: left untagged."
"85042","The Final Toy","PENDING","Secrets of Azeroth","0","","","","","","1","","Blizzard's API files it under the quest category 'Secrets of Azeroth' (646). The event has no flag in qcHolidays, so adding one is a separate decision. Not decided: left untagged."
"85043","The Toy Thief","PENDING","Secrets of Azeroth","0","","","","","","1","","Blizzard's API files it under the quest category 'Secrets of Azeroth' (646). The event has no flag in qcHolidays, so adding one is a separate decision. Not decided: left untagged."
"85047","A Pirate Predicament","PENDING","Secrets of Azeroth","0","","","","","","1","","Blizzard's API files it under the quest category 'Secrets of Azeroth' (646). The event has no flag in qcHolidays, so adding one is a separate decision. Not decided: left untagged."
"85060","Pirate Foods and Superstitions","PENDING","Secrets of Azeroth","0","","","","","","1","","Blizzard's API files it under the quest category 'Secrets of Azeroth' (646). The event has no flag in qcHolidays, so adding one is a separate decision. Not decided: left untagged."
"85195","Pirate Gastronomy","PENDING","Secrets of Azeroth","0","","","","","","1","","Blizzard's API files it under the quest category 'Secrets of Azeroth' (646). The event has no flag in qcHolidays, so adding one is a separate decision. Not decided: left untagged."
"85208","A Pirate Missive","PENDING","Secrets of Azeroth","0","","","","","","1","","Blizzard's API files it under the quest category 'Secrets of Azeroth' (646). The event has no flag in qcHolidays, so adding one is a separate decision. Not decided: left untagged."
"85475","Secret in the Sands","PENDING","Secrets of Azeroth","0","","","","","","1","","Blizzard's API files it under the quest category 'Secrets of Azeroth' (646). The event has no flag in qcHolidays, so adding one is a separate decision. Not decided: left untagged."
"85476","Buried Tweasure","PENDING","Secrets of Azeroth","0","","","","","","1","","Blizzard's API files it under the quest category 'Secrets of Azeroth' (646). The event has no flag in qcHolidays, so adding one is a separate decision. Not decided: left untagged."
"85477","Lost and... Found?","PENDING","Secrets of Azeroth","0","","","","","","1","","Blizzard's API files it under the quest category 'Secrets of Azeroth' (646). The event has no flag in qcHolidays, so adding one is a separate decision. Not decided: left untagged."
"85502","Festive Reflections","PENDING","Secrets of Azeroth","0","","","","","","1","","Blizzard's API files it under the quest category 'Secrets of Azeroth' (646). The event has no flag in qcHolidays, so adding one is a separate decision. Not decided: left untagged."
"85503","A Surprising Investigation","PENDING","Secrets of Azeroth","0","","","","","","1","","Blizzard's API files it under the quest category 'Secrets of Azeroth' (646). The event has no flag in qcHolidays, so adding one is a separate decision. Not decided: left untagged."
"85523","Mildewed Celebration Crate","PENDING","Secrets of Azeroth","0","","","","","","0","","Blizzard's API files it under the quest category 'Secrets of Azeroth' (646). The event has no flag in qcHolidays, so adding one is a separate decision. Not decided: left untagged."
"85574","Hazy Celebration Crate","PENDING","Secrets of Azeroth","0","","","","","","0","","Blizzard's API files it under the quest category 'Secrets of Azeroth' (646). The event has no flag in qcHolidays, so adding one is a separate decision. Not decided: left untagged."
"43461","A Time to Reflect","PENDING","WoW Anniversary","0","","","","","","0","","Blizzard's API files it under the general 'Seasonal' category and its text is the Bronze Dragonflight's celebration of the game's anniversary (Chromie, the Timewalkers, 'a celebration of our great history'). The event has no flag in qcHolidays, so adding one is a separate decision. Not decided: left untagged."
"43472","The Historians","PENDING","WoW Anniversary","0","","133","173","Midsummer","Seasonal","0","","Blizzard's API files it under the general 'Seasonal' category and its text is the Bronze Dragonflight's celebration of the game's anniversary (Chromie, the Timewalkers, 'a celebration of our great history'). The event has no flag in qcHolidays, so adding one is a separate decision. Not decided: left untagged. It was filed under Midsummer (133, zone text 'Midsummer') while its sibling 43461 is under Seasonal (173); moved there on 2026-10-09 at the user's request, which Audit-QuestHolidays.ps1 reported."
"47251","Interesting Times","PENDING","WoW Anniversary","0","","","","","","0","","Blizzard's API files it under the general 'Seasonal' category and its text is the Bronze Dragonflight's celebration of the game's anniversary (Chromie, the Timewalkers, 'a celebration of our great history'). The event has no flag in qcHolidays, so adding one is a separate decision. Not decided: left untagged."
"47252","Interesting Times","PENDING","WoW Anniversary","0","","","","","","0","","Blizzard's API files it under the general 'Seasonal' category and its text is the Bronze Dragonflight's celebration of the game's anniversary (Chromie, the Timewalkers, 'a celebration of our great history'). The event has no flag in qcHolidays, so adding one is a separate decision. Not decided: left untagged."
"47254","The Originals","PENDING","WoW Anniversary","0","","","","","","2","","Blizzard's API files it under the general 'Seasonal' category and its text is the Bronze Dragonflight's celebration of the game's anniversary (Chromie, the Timewalkers, 'a celebration of our great history'). The event has no flag in qcHolidays, so adding one is a separate decision. Not decided: left untagged."
"57249","A Timely Invitation","PENDING","WoW Anniversary","0","","","","","","0","","Blizzard's API files it under the general 'Seasonal' category and its text is the Bronze Dragonflight's celebration of the game's anniversary (Chromie, the Timewalkers, 'a celebration of our great history'). The event has no flag in qcHolidays, so adding one is a separate decision. Not decided: left untagged."
"57298","How Things ""Really"" Happened...","PENDING","WoW Anniversary","0","","","","","","0","","Blizzard's API files it under the general 'Seasonal' category and its text is the Bronze Dragonflight's celebration of the game's anniversary (Chromie, the Timewalkers, 'a celebration of our great history'). The event has no flag in qcHolidays, so adding one is a separate decision. Not decided: left untagged."
"57300","Soldier of Time","PENDING","WoW Anniversary","0","","","","","","0","","Blizzard's API files it under the general 'Seasonal' category and its text is the Bronze Dragonflight's celebration of the game's anniversary (Chromie, the Timewalkers, 'a celebration of our great history'). The event has no flag in qcHolidays, so adding one is a separate decision. Not decided: left untagged."
"57637","Disturbance Detected: Firelands","PENDING","WoW Anniversary","0","","","","","","0","","Its description is about a temporal disturbance and the Timewalkers, like the others of the anniversary celebration's quest chain; filed under the 'Seasonal' category (173) with no API quest category. The event has no flag in qcHolidays, so adding one is a separate decision. Not decided: left untagged."
"60215","Timely Gate Crashers","PENDING","WoW Anniversary","0","","","","","","0","","Blizzard's API files it under the general 'Seasonal' category and its text is the Bronze Dragonflight's celebration of the game's anniversary (Chromie, the Timewalkers, 'a celebration of our great history'). The event has no flag in qcHolidays, so adding one is a separate decision. Not decided: left untagged."
"82672","Another Timely Invitation","PENDING","WoW Anniversary","0","","","","","","0","","Blizzard's API files it under the general 'Seasonal' category and its text is the Bronze Dragonflight's celebration of the game's anniversary (Chromie, the Timewalkers, 'a celebration of our great history'). The event has no flag in qcHolidays, so adding one is a separate decision. Not decided: left untagged."
"82783","Chromie's Codex","PENDING","WoW Anniversary","0","","","","","","1","","Blizzard's API files it under the general 'Seasonal' category and its text is the Bronze Dragonflight's celebration of the game's anniversary (Chromie, the Timewalkers, 'a celebration of our great history'). The event has no flag in qcHolidays, so adding one is a separate decision. Not decided: left untagged."
"82817","Disturbance Detected: Blackrock Depths","PENDING","WoW Anniversary","0","","","","","","1","","Its description is about a time-displaced object the Timewalkers detected, like the others of the anniversary celebration's quest chain; filed under the 'Seasonal' category (173) with no API quest category. The event has no flag in qcHolidays, so adding one is a separate decision. Not decided: left untagged."
"83285","The Ancient Scroll","PENDING","WoW Anniversary","0","","","","","","0","","Blizzard's API files it under the general 'Seasonal' category and its text is the Bronze Dragonflight's celebration of the game's anniversary (Chromie, the Timewalkers, 'a celebration of our great history'). The event has no flag in qcHolidays, so adding one is a separate decision. Not decided: left untagged."
"83737","Chromie's Time Trips","PENDING","WoW Anniversary","0","","","","","","0","","Blizzard's API files it under the general 'Seasonal' category and its text is the Bronze Dragonflight's celebration of the game's anniversary (Chromie, the Timewalkers, 'a celebration of our great history'). The event has no flag in qcHolidays, so adding one is a separate decision. Not decided: left untagged."
"84254","Meet and Greet","PENDING","WoW Anniversary","0","","","","","","1","","Blizzard's API files it under the general 'Seasonal' category and its text is the Bronze Dragonflight's celebration of the game's anniversary (Chromie, the Timewalkers, 'a celebration of our great history'). The event has no flag in qcHolidays, so adding one is a separate decision. Not decided: left untagged."
"84489","Shopping Squee!","PENDING","WoW Anniversary","0","","","","","","1","","Blizzard's API files it under the general 'Seasonal' category and its text is the Bronze Dragonflight's celebration of the game's anniversary (Chromie, the Timewalkers, 'a celebration of our great history'). The event has no flag in qcHolidays, so adding one is a separate decision. Not decided: left untagged."
"84616","Celebrate Good Fun!","PENDING","WoW Anniversary","0","","","","","","1","","Blizzard's API files it under the general 'Seasonal' category and its text is the Bronze Dragonflight's celebration of the game's anniversary (Chromie, the Timewalkers, 'a celebration of our great history'). The event has no flag in qcHolidays, so adding one is a separate decision. Not decided: left untagged."
"84735","Truth of the Dark Irons","PENDING","WoW Anniversary","0","","","","","","1","","Its description is about the Timewalkers sending us back in time, like the others of the anniversary celebration's quest chain; filed under the 'Seasonal' category (173) with no API quest category. The event has no flag in qcHolidays, so adding one is a separate decision. Not decided: left untagged."
"76426","The Kalimdor Cup Circuit","PENDING","Kalimdor Cup","0","","","","","","1","","Blizzard's API files it under the quest category 'Kalimdor Cup' (631). The event has no flag in qcHolidays, so adding one is a separate decision. Not decided: left untagged."
"76429","The Kalimdor Cup Begins","PENDING","Kalimdor Cup","0","","","","","","0","","Blizzard's API files it under the quest category 'Kalimdor Cup' (631). The event has no flag in qcHolidays, so adding one is a separate decision. Not decided: left untagged."
"79125","The Kalimdor Cup Begins","PENDING","Kalimdor Cup","0","","","","","","4","","Blizzard's API files it under the quest category 'Kalimdor Cup' (631). The event has no flag in qcHolidays, so adding one is a separate decision. Not decided: left untagged."
"79126","The Kalimdor Cup Begins","PENDING","Kalimdor Cup","0","","","","","","4","","Blizzard's API files it under the quest category 'Kalimdor Cup' (631). The event has no flag in qcHolidays, so adding one is a separate decision. Not decided: left untagged."
"77839","The Eastern Kingdoms Cup Circuit","PENDING","Eastern Kingdoms Cup","0","","","","","","1","","Blizzard's API files it under the quest category 'Eastern Kingdoms Cup' (632). The event has no flag in qcHolidays, so adding one is a separate decision. Not decided: left untagged."
"77840","The Eastern Kingdoms Cup Begins","PENDING","Eastern Kingdoms Cup","0","","","","","","0","","Blizzard's API files it under the quest category 'Eastern Kingdoms Cup' (632). The event has no flag in qcHolidays, so adding one is a separate decision. Not decided: left untagged."
"78880","The Eastern Kingdoms Cup Begins","PENDING","Eastern Kingdoms Cup","0","","","","","","1","","Blizzard's API files it under the quest category 'Eastern Kingdoms Cup' (632). The event has no flag in qcHolidays, so adding one is a separate decision. Not decided: left untagged."
"78881","The Eastern Kingdoms Cup Begins","PENDING","Eastern Kingdoms Cup","0","","","","","","1","","Blizzard's API files it under the quest category 'Eastern Kingdoms Cup' (632). The event has no flag in qcHolidays, so adding one is a separate decision. Not decided: left untagged."
"78040","The Outland Cup Begins","PENDING","Outland Cup","0","","","","","","0","","Blizzard's API files it under the quest category 'Outland Cup' (633). The event has no flag in qcHolidays, so adding one is a separate decision. Not decided: left untagged."
"78047","The Outland Cup Circuit","PENDING","Outland Cup","0","","","","","","1","","Blizzard's API files it under the quest category 'Outland Cup' (633). The event has no flag in qcHolidays, so adding one is a separate decision. Not decided: left untagged."
"79127","The Outland Cup Begins","PENDING","Outland Cup","0","","","","","","1","","Blizzard's API files it under the quest category 'Outland Cup' (633). The event has no flag in qcHolidays, so adding one is a separate decision. Not decided: left untagged."
"79128","The Outland Cup Begins","PENDING","Outland Cup","0","","","","","","1","","Blizzard's API files it under the quest category 'Outland Cup' (633). The event has no flag in qcHolidays, so adding one is a separate decision. Not decided: left untagged."
"79130","The Northrend Cup Circuit","PENDING","Northrend Cup","0","","","","","","1","","Blizzard's API files it under the quest category 'Northrend Cup' (634). The event has no flag in qcHolidays, so adding one is a separate decision. Not decided: left untagged."
"79131","The Northrend Cup Begins","PENDING","Northrend Cup","0","","","","","","0","","Blizzard's API files it under the quest category 'Northrend Cup' (634). The event has no flag in qcHolidays, so adding one is a separate decision. Not decided: left untagged."
"79132","The Northrend Cup Begins","PENDING","Northrend Cup","0","","","","","","1","","Blizzard's API files it under the quest category 'Northrend Cup' (634). The event has no flag in qcHolidays, so adding one is a separate decision. Not decided: left untagged."
"79133","The Northrend Cup Begins","PENDING","Northrend Cup","0","","","","","","1","","Blizzard's API files it under the quest category 'Northrend Cup' (634). The event has no flag in qcHolidays, so adding one is a separate decision. Not decided: left untagged."
"86491","Dastardly Duos! It's on!","PENDING","Dastardly Duos","0","","","","","","0","","Blizzard's API files it under the quest category 'Dastardly Duos' (651). The event has no flag in qcHolidays, so adding one is a separate decision. Not decided: left untagged."
"86503","Who are the Dastardly Duos?","PENDING","Dastardly Duos","0","","","","","","1","","Its name or zone is 'Dastardly Duos', the Dornogal brawl event; the API has no quest category for it. The event has no flag in qcHolidays, so adding one is a separate decision. Not decided: left untagged."
"87550","Week 2: We're Really Taking Off","PENDING","Dastardly Duos","0","","","","","","1","","Blizzard's API files it under the quest category 'Dastardly Duos' (651). The event has no flag in qcHolidays, so adding one is a separate decision. Not decided: left untagged."
"87551","Week 3: Spread the Word","PENDING","Dastardly Duos","0","","","","","","1","","Blizzard's API files it under the quest category 'Dastardly Duos' (651). The event has no flag in qcHolidays, so adding one is a separate decision. Not decided: left untagged."
"87552","Week 4: They've Heard of You","PENDING","Dastardly Duos","0","","","","","","0","","Blizzard's API files it under the quest category 'Dastardly Duos' (651). The event has no flag in qcHolidays, so adding one is a separate decision. Not decided: left untagged."
"87553","Week 5: Another Amazing Week!","PENDING","Dastardly Duos","0","","","","","","1","","Blizzard's API files it under the quest category 'Dastardly Duos' (651). The event has no flag in qcHolidays, so adding one is a separate decision. Not decided: left untagged."
"87554","Week 6: It's the Finale!","PENDING","Dastardly Duos","0","","","","","","1","","Blizzard's API files it under the quest category 'Dastardly Duos' (651). The event has no flag in qcHolidays, so adding one is a separate decision. Not decided: left untagged."
"88901","Dastardly Duos Reward","PENDING","Dastardly Duos","0","","","","","","0","","Its name or zone is 'Dastardly Duos', the Dornogal brawl event; the API has no quest category for it. The event has no flag in qcHolidays, so adding one is a separate decision. Not decided: left untagged."
"89492","Worldsoul: Dastardly Duos in the Dome!","PENDING","Dastardly Duos","0","","","","","","0","","Blizzard's API files it under the quest category 'Dastardly Duos' (651). The event has no flag in qcHolidays, so adding one is a separate decision. Not decided: left untagged."
"90661","Dastardly Duos","PENDING","Dastardly Duos","0","","","","","","0","","Its name or zone is 'Dastardly Duos', the Dornogal brawl event; the API has no quest category for it. The event has no flag in qcHolidays, so adding one is a separate decision. Not decided: left untagged."
"90701","Cowardly Cheery Bombs","PENDING","Dastardly Duos","0","","","","","","1","","Its name or zone is 'Dastardly Duos', the Dornogal brawl event; the API has no quest category for it. The event has no flag in qcHolidays, so adding one is a separate decision. Not decided: left untagged."
"47709","The Great Gnomeregan Run","PENDING","The Great Gnomeregan Run","0","","","","","","1","","Blizzard's API files it under the general 'Seasonal' category; its text is the yearly race from Gnomeregan to Booty Bay, which has a Holidays row of its own (696, 'The Great Gnomeregan Run') that qcHolidays lacks. The event has no flag in qcHolidays, so adding one is a separate decision. Not decided: left untagged."
"9085","Shadows of Doom","PENDING","Scourge Invasion","0","16384","","","","","0","","Blizzard's API files it under the quest category 'Invasion' (368). qcHolidays has a flag for it but no calendar ID, so the seasonal filter would hide it all year. Not decided: left untagged."
"9153","Under the Shadow","PENDING","Scourge Invasion","0","16384","","","","","0","","Blizzard's API files it under the quest category 'Invasion' (368). qcHolidays has a flag for it but no calendar ID, so the seasonal filter would hide it all year. Not decided: left untagged."
"9154","Light's Hope Chapel","PENDING","Scourge Invasion","0","16384","","","","","0","","Blizzard's API files it under the quest category 'Invasion' (368). qcHolidays has a flag for it but no calendar ID, so the seasonal filter would hide it all year. Not decided: left untagged."
"9260","Investigate the Scourge of Stormwind","PENDING","Scourge Invasion","0","16384","","","","","0","","Blizzard's API files it under the quest category 'Invasion' (368). qcHolidays has a flag for it but no calendar ID, so the seasonal filter would hide it all year. Not decided: left untagged."
"9261","Investigate the Scourge of Ironforge","PENDING","Scourge Invasion","0","16384","","","","","0","","Blizzard's API files it under the quest category 'Invasion' (368). qcHolidays has a flag for it but no calendar ID, so the seasonal filter would hide it all year. Not decided: left untagged."
"9262","Investigate the Scourge of Darnassus","PENDING","Scourge Invasion","0","16384","","","","","0","","Blizzard's API files it under the quest category 'Invasion' (368). qcHolidays has a flag for it but no calendar ID, so the seasonal filter would hide it all year. Not decided: left untagged."
"9263","Investigate the Scourge of Orgrimmar","PENDING","Scourge Invasion","0","16384","","","","","0","","Blizzard's API files it under the quest category 'Invasion' (368). qcHolidays has a flag for it but no calendar ID, so the seasonal filter would hide it all year. Not decided: left untagged."
"9264","Investigate the Scourge of Thunder Bluff","PENDING","Scourge Invasion","0","16384","","","","","0","","Blizzard's API files it under the quest category 'Invasion' (368). qcHolidays has a flag for it but no calendar ID, so the seasonal filter would hide it all year. Not decided: left untagged."
"9265","Investigate the Scourge of the Undercity","PENDING","Scourge Invasion","0","16384","","","","","0","","Blizzard's API files it under the quest category 'Invasion' (368). qcHolidays has a flag for it but no calendar ID, so the seasonal filter would hide it all year. Not decided: left untagged."
"9292","Cracked Necrotic Crystal","PENDING","Scourge Invasion","0","16384","","","","","0","","Blizzard's API files it under the quest category 'Invasion' (368). qcHolidays has a flag for it but no calendar ID, so the seasonal filter would hide it all year. Not decided: left untagged."
"9310","Faint Necrotic Crystal","PENDING","Scourge Invasion","0","16384","","","","","0","","Blizzard's API files it under the quest category 'Invasion' (368). qcHolidays has a flag for it but no calendar ID, so the seasonal filter would hide it all year. Not decided: left untagged."
"8492","The Alliance Needs Copper Bars!","PENDING","Ahn'Qiraj War Effort","0","32768","","","","","0","","Blizzard's API files it under the quest category 'Ahn'Qiraj War' (365). qcHolidays has a flag for it but no calendar ID, so the seasonal filter would hide it all year. Not decided: left untagged."
"8494","The Alliance Needs Iron Bars!","PENDING","Ahn'Qiraj War Effort","0","32768","","","","","0","","Blizzard's API files it under the quest category 'Ahn'Qiraj War' (365). qcHolidays has a flag for it but no calendar ID, so the seasonal filter would hide it all year. Not decided: left untagged."
"8499","The Alliance Needs Thorium Bars!","PENDING","Ahn'Qiraj War Effort","0","32768","","","","","0","","Blizzard's API files it under the quest category 'Ahn'Qiraj War' (365). qcHolidays has a flag for it but no calendar ID, so the seasonal filter would hide it all year. Not decided: left untagged."
"8503","The Alliance Needs Stranglekelp!","PENDING","Ahn'Qiraj War Effort","0","32768","","","","","0","","Blizzard's API files it under the quest category 'Ahn'Qiraj War' (365). qcHolidays has a flag for it but no calendar ID, so the seasonal filter would hide it all year. Not decided: left untagged."
"8505","The Alliance Needs Purple Lotus!","PENDING","Ahn'Qiraj War Effort","0","32768","","","","","0","","Blizzard's API files it under the quest category 'Ahn'Qiraj War' (365). qcHolidays has a flag for it but no calendar ID, so the seasonal filter would hide it all year. Not decided: left untagged."
"8509","The Alliance Needs Arthas' Tears!","PENDING","Ahn'Qiraj War Effort","0","32768","","","","","0","","Blizzard's API files it under the quest category 'Ahn'Qiraj War' (365). qcHolidays has a flag for it but no calendar ID, so the seasonal filter would hide it all year. Not decided: left untagged."
"8511","The Alliance Needs Light Leather!","PENDING","Ahn'Qiraj War Effort","0","32768","","","","","0","","Blizzard's API files it under the quest category 'Ahn'Qiraj War' (365). qcHolidays has a flag for it but no calendar ID, so the seasonal filter would hide it all year. Not decided: left untagged."
"8513","The Alliance Needs Medium Leather!","PENDING","Ahn'Qiraj War Effort","0","32768","","","","","0","","Blizzard's API files it under the quest category 'Ahn'Qiraj War' (365). qcHolidays has a flag for it but no calendar ID, so the seasonal filter would hide it all year. Not decided: left untagged."
"8515","The Alliance Needs Thick Leather!","PENDING","Ahn'Qiraj War Effort","0","32768","","","","","0","","Blizzard's API files it under the quest category 'Ahn'Qiraj War' (365). qcHolidays has a flag for it but no calendar ID, so the seasonal filter would hide it all year. Not decided: left untagged."
"8517","The Alliance Needs Linen Bandages!","PENDING","Ahn'Qiraj War Effort","0","32768","","","","","0","","Blizzard's API files it under the quest category 'Ahn'Qiraj War' (365). qcHolidays has a flag for it but no calendar ID, so the seasonal filter would hide it all year. Not decided: left untagged."
"8520","The Alliance Needs Silk Bandages!","PENDING","Ahn'Qiraj War Effort","0","32768","","","","","0","","Blizzard's API files it under the quest category 'Ahn'Qiraj War' (365). qcHolidays has a flag for it but no calendar ID, so the seasonal filter would hide it all year. Not decided: left untagged."
"8522","The Alliance Needs Runecloth Bandages!","PENDING","Ahn'Qiraj War Effort","0","32768","","","","","0","","Blizzard's API files it under the quest category 'Ahn'Qiraj War' (365). qcHolidays has a flag for it but no calendar ID, so the seasonal filter would hide it all year. Not decided: left untagged."
"8524","The Alliance Needs Rainbow Fin Albacore!","PENDING","Ahn'Qiraj War Effort","0","32768","","","","","0","","Blizzard's API files it under the quest category 'Ahn'Qiraj War' (365). qcHolidays has a flag for it but no calendar ID, so the seasonal filter would hide it all year. Not decided: left untagged."
"8526","The Alliance Needs Roast Raptor!","PENDING","Ahn'Qiraj War Effort","0","32768","","","","","0","","Blizzard's API files it under the quest category 'Ahn'Qiraj War' (365). qcHolidays has a flag for it but no calendar ID, so the seasonal filter would hide it all year. Not decided: left untagged."
"8528","The Alliance Needs Spotted Yellowtail!","PENDING","Ahn'Qiraj War Effort","0","32768","","","","","0","","Blizzard's API files it under the quest category 'Ahn'Qiraj War' (365). qcHolidays has a flag for it but no calendar ID, so the seasonal filter would hide it all year. Not decided: left untagged."
"8532","The Horde Needs Copper Bars!","PENDING","Ahn'Qiraj War Effort","0","32768","","","","","0","","Blizzard's API files it under the quest category 'Ahn'Qiraj War' (365). qcHolidays has a flag for it but no calendar ID, so the seasonal filter would hide it all year. Not decided: left untagged."
"8542","The Horde Needs Tin Bars!","PENDING","Ahn'Qiraj War Effort","0","32768","","","","","0","","Blizzard's API files it under the quest category 'Ahn'Qiraj War' (365). qcHolidays has a flag for it but no calendar ID, so the seasonal filter would hide it all year. Not decided: left untagged."
"8545","The Horde Needs Mithril Bars!","PENDING","Ahn'Qiraj War Effort","0","32768","","","","","0","","Blizzard's API files it under the quest category 'Ahn'Qiraj War' (365). qcHolidays has a flag for it but no calendar ID, so the seasonal filter would hide it all year. Not decided: left untagged."
"8546","The Horde Needs More Mithril Bars!","PENDING","Ahn'Qiraj War Effort","0","32768","","","","","0","","Blizzard's API files it under the quest category 'Ahn'Qiraj War' (365). qcHolidays has a flag for it but no calendar ID, so the seasonal filter would hide it all year. Not decided: left untagged."
"8549","The Horde Needs Peacebloom!","PENDING","Ahn'Qiraj War Effort","0","32768","","","","","0","","Blizzard's API files it under the quest category 'Ahn'Qiraj War' (365). qcHolidays has a flag for it but no calendar ID, so the seasonal filter would hide it all year. Not decided: left untagged."
"8550","The Horde Needs More Peacebloom!","PENDING","Ahn'Qiraj War Effort","0","32768","","","","","0","","Blizzard's API files it under the quest category 'Ahn'Qiraj War' (365). qcHolidays has a flag for it but no calendar ID, so the seasonal filter would hide it all year. Not decided: left untagged."
"8580","The Horde Needs Firebloom!","PENDING","Ahn'Qiraj War Effort","0","32768","","","","","0","","Blizzard's API files it under the quest category 'Ahn'Qiraj War' (365). qcHolidays has a flag for it but no calendar ID, so the seasonal filter would hide it all year. Not decided: left untagged."
"8581","The Horde Needs More Firebloom!","PENDING","Ahn'Qiraj War Effort","0","32768","","","","","0","","Blizzard's API files it under the quest category 'Ahn'Qiraj War' (365). qcHolidays has a flag for it but no calendar ID, so the seasonal filter would hide it all year. Not decided: left untagged."
"8582","The Horde Needs Purple Lotus!","PENDING","Ahn'Qiraj War Effort","0","32768","","","","","0","","Blizzard's API files it under the quest category 'Ahn'Qiraj War' (365). qcHolidays has a flag for it but no calendar ID, so the seasonal filter would hide it all year. Not decided: left untagged."
"8583","The Horde Needs More Purple Lotus!","PENDING","Ahn'Qiraj War Effort","0","32768","","","","","0","","Blizzard's API files it under the quest category 'Ahn'Qiraj War' (365). qcHolidays has a flag for it but no calendar ID, so the seasonal filter would hide it all year. Not decided: left untagged."
"8588","The Horde Needs Heavy Leather!","PENDING","Ahn'Qiraj War Effort","0","32768","","","","","0","","Blizzard's API files it under the quest category 'Ahn'Qiraj War' (365). qcHolidays has a flag for it but no calendar ID, so the seasonal filter would hide it all year. Not decided: left untagged."
"8589","The Horde Needs More Heavy Leather!","PENDING","Ahn'Qiraj War Effort","0","32768","","","","","0","","Blizzard's API files it under the quest category 'Ahn'Qiraj War' (365). qcHolidays has a flag for it but no calendar ID, so the seasonal filter would hide it all year. Not decided: left untagged."
"8590","The Horde Needs Thick Leather!","PENDING","Ahn'Qiraj War Effort","0","32768","","","","","0","","Blizzard's API files it under the quest category 'Ahn'Qiraj War' (365). qcHolidays has a flag for it but no calendar ID, so the seasonal filter would hide it all year. Not decided: left untagged."
"8591","The Horde Needs More Thick Leather!","PENDING","Ahn'Qiraj War Effort","0","32768","","","","","0","","Blizzard's API files it under the quest category 'Ahn'Qiraj War' (365). qcHolidays has a flag for it but no calendar ID, so the seasonal filter would hide it all year. Not decided: left untagged."
"8600","The Horde Needs Rugged Leather!","PENDING","Ahn'Qiraj War Effort","0","32768","","","","","0","","Blizzard's API files it under the quest category 'Ahn'Qiraj War' (365). qcHolidays has a flag for it but no calendar ID, so the seasonal filter would hide it all year. Not decided: left untagged."
"8601","The Horde Needs More Rugged Leather!","PENDING","Ahn'Qiraj War Effort","0","32768","","","","","0","","Blizzard's API files it under the quest category 'Ahn'Qiraj War' (365). qcHolidays has a flag for it but no calendar ID, so the seasonal filter would hide it all year. Not decided: left untagged."
"8604","The Horde Needs Wool Bandages!","PENDING","Ahn'Qiraj War Effort","0","32768","","","","","0","","Blizzard's API files it under the quest category 'Ahn'Qiraj War' (365). qcHolidays has a flag for it but no calendar ID, so the seasonal filter would hide it all year. Not decided: left untagged."
"8605","The Horde Needs More Wool Bandages!","PENDING","Ahn'Qiraj War Effort","0","32768","","","","","0","","Blizzard's API files it under the quest category 'Ahn'Qiraj War' (365). qcHolidays has a flag for it but no calendar ID, so the seasonal filter would hide it all year. Not decided: left untagged."
"8607","The Horde Needs Mageweave Bandages!","PENDING","Ahn'Qiraj War Effort","0","32768","","","","","0","","Blizzard's API files it under the quest category 'Ahn'Qiraj War' (365). qcHolidays has a flag for it but no calendar ID, so the seasonal filter would hide it all year. Not decided: left untagged."
"8608","The Horde Needs More Mageweave Bandages!","PENDING","Ahn'Qiraj War Effort","0","32768","","","","","0","","Blizzard's API files it under the quest category 'Ahn'Qiraj War' (365). qcHolidays has a flag for it but no calendar ID, so the seasonal filter would hide it all year. Not decided: left untagged."
"8609","The Horde Needs Runecloth Bandages!","PENDING","Ahn'Qiraj War Effort","0","32768","","","","","0","","Blizzard's API files it under the quest category 'Ahn'Qiraj War' (365). qcHolidays has a flag for it but no calendar ID, so the seasonal filter would hide it all year. Not decided: left untagged."
"8610","The Horde Needs More Runecloth Bandages!","PENDING","Ahn'Qiraj War Effort","0","32768","","","","","0","","Blizzard's API files it under the quest category 'Ahn'Qiraj War' (365). qcHolidays has a flag for it but no calendar ID, so the seasonal filter would hide it all year. Not decided: left untagged."
"8611","The Horde Needs Lean Wolf Steaks!","PENDING","Ahn'Qiraj War Effort","0","32768","","","","","0","","Blizzard's API files it under the quest category 'Ahn'Qiraj War' (365). qcHolidays has a flag for it but no calendar ID, so the seasonal filter would hide it all year. Not decided: left untagged."
"8612","The Horde Needs More Lean Wolf Steaks!","PENDING","Ahn'Qiraj War Effort","0","32768","","","","","0","","Blizzard's API files it under the quest category 'Ahn'Qiraj War' (365). qcHolidays has a flag for it but no calendar ID, so the seasonal filter would hide it all year. Not decided: left untagged."
"8613","The Horde Needs Spotted Yellowtail!","PENDING","Ahn'Qiraj War Effort","0","32768","","","","","0","","Blizzard's API files it under the quest category 'Ahn'Qiraj War' (365). qcHolidays has a flag for it but no calendar ID, so the seasonal filter would hide it all year. Not decided: left untagged."
"8614","The Horde Needs More Spotted Yellowtail!","PENDING","Ahn'Qiraj War Effort","0","32768","","","","","0","","Blizzard's API files it under the quest category 'Ahn'Qiraj War' (365). qcHolidays has a flag for it but no calendar ID, so the seasonal filter would hide it all year. Not decided: left untagged."
"8615","The Horde Needs Baked Salmon!","PENDING","Ahn'Qiraj War Effort","0","32768","","","","","0","","Blizzard's API files it under the quest category 'Ahn'Qiraj War' (365). qcHolidays has a flag for it but no calendar ID, so the seasonal filter would hide it all year. Not decided: left untagged."
"8616","The Horde Needs More Baked Salmon!","PENDING","Ahn'Qiraj War Effort","0","32768","","","","","0","","Blizzard's API files it under the quest category 'Ahn'Qiraj War' (365). qcHolidays has a flag for it but no calendar ID, so the seasonal filter would hide it all year. Not decided: left untagged."
"8860","New Year Celebrations!","PENDING","New Year's Eve","0","","","","","","0","","TrinityCore lists it in its New Year's Eve event (6), which has no Holidays row and so no calendar ID; Blizzard's API files it under the general 'Seasonal' category. No flag exists for it. Not decided: left untagged."
"8861","New Year Celebrations!","PENDING","New Year's Eve","0","","","","","","0","","TrinityCore lists it in its New Year's Eve event (6), which has no Holidays row and so no calendar ID; Blizzard's API files it under the general 'Seasonal' category. No flag exists for it. Not decided: left untagged."
"31611","The Kun-Lai Kicker","PENDING","Brewmoon Festival","0","","","","","","2","","Filed under Brewmoon Festival (category 32, zone and API area 'Brewmoon Festival'); the description is about the Brewmoon Festival in Binan Village. The client's Holidays table has no row of that name, so there is no calendar ID, and it is not the Brewfest. Not decided: left untagged."
"89263","Your Cut of the Spoils","PENDING","unknown Seasonal","0","","","","","","0","","Blizzard's API files it under the general 'Seasonal' category, but its text ('Got something for you.') names no holiday and no event is known. Not decided: left untagged."
"97621","The Singularity Anchor","PENDING","unknown Seasonal","0","","","","","","1","","Blizzard's API files it under the general 'Seasonal' category, but its text is a Midnight story quest (the Singularity Anchor in Stormarion Citadel) and names no holiday. Not decided: left untagged."
"97622","A Soiree to Remember","PENDING","unknown Seasonal","0","","","","","","1","","Blizzard's API files it under the general 'Seasonal' category, but its text is a Midnight story quest (Saltheril's soiree) and names no holiday. Not decided: left untagged."
"97624","Seeking Legends","PENDING","unknown Seasonal","0","","","","","","1","","Blizzard's API files it under the general 'Seasonal' category, but its text is a Midnight story quest (Harandar's legends) and names no holiday. Not decided: left untagged."
"97625","Glorious Abundance","PENDING","unknown Seasonal","0","","","","","","1","","Blizzard's API files it under the general 'Seasonal' category, but its text is a Midnight story quest (the Loa of Abundance in Zul'Aman) and names no holiday. Not decided: left untagged."
"8193","Grand Prize","PENDING","Stranglethorn Fishing Extravaganza","0","65536","","","","","0","","Forever's data, which comes from CMaNGOS's event tables, tags this quest Stranglethorn Fishing Extravaganza (65536), a flag qcHolidays carries with calendar event 301. Retail's client has no holiday 301 (its Holidays table, build 12.1.0.69933, has no such row and none that uses the event's name), so retail's calendar can never report the event and a tag would hide the quest for good while the seasonal filter is on. TrinityCore's game_event 15 (holiday 301) lists no quests. Filed under Fishing (category 80) and typed repeatable. Blizzard's API files it under the quest category 'Fishing' (101); its text is a contest for the first fifty anglers to bring 40 tastyfish from Stranglethorn's coast. Forever's title for it is 'Master Angler'. Not decided: left untagged."
"8194","Apprentice Angler","PENDING","Stranglethorn Fishing Extravaganza","0","65536","","","","","0","","Forever's data, which comes from CMaNGOS's event tables, tags this quest Stranglethorn Fishing Extravaganza (65536), a flag qcHolidays carries with calendar event 301. Retail's client has no holiday 301 (its Holidays table, build 12.1.0.69933, has no such row and none that uses the event's name), so retail's calendar can never report the event and a tag would hide the quest for good while the seasonal filter is on. TrinityCore's game_event 15 (holiday 301) lists no quests. Filed under Fishing (category 80) and typed repeatable. Blizzard's API files it under the quest category 'Fishing' (101); its text offers to buy tastyfish once the contest has a winner. Not decided: left untagged."
"8221","Rare Fish - Keefer's Angelfish","PENDING","Stranglethorn Fishing Extravaganza","0","65536","","","","","0","","Forever's data, which comes from CMaNGOS's event tables, tags this quest Stranglethorn Fishing Extravaganza (65536), a flag qcHolidays carries with calendar event 301. Retail's client has no holiday 301 (its Holidays table, build 12.1.0.69933, has no such row and none that uses the event's name), so retail's calendar can never report the event and a tag would hide the quest for good while the seasonal filter is on. TrinityCore's game_event 15 (holiday 301) lists no quests. Filed under Fishing (category 80) and typed repeatable. Blizzard's API files it under the quest category 'Fishing' (101); its text asks for a Keefer's Angelfish for Fishmaster Bluegill to catalogue. Not decided: left untagged."
"8224","Rare Fish - Dezian Queenfish","PENDING","Stranglethorn Fishing Extravaganza","0","65536","","","","","0","","Forever's data, which comes from CMaNGOS's event tables, tags this quest Stranglethorn Fishing Extravaganza (65536), a flag qcHolidays carries with calendar event 301. Retail's client has no holiday 301 (its Holidays table, build 12.1.0.69933, has no such row and none that uses the event's name), so retail's calendar can never report the event and a tag would hide the quest for good while the seasonal filter is on. TrinityCore's game_event 15 (holiday 301) lists no quests. Filed under Fishing (category 80) and typed repeatable. Blizzard's API files it under the quest category 'Fishing' (101); its text asks for a Dezian Queenfish for Fishmaster Bluegill to catalogue. Not decided: left untagged."
"8225","Rare Fish - Brownell's Blue Striped Racer","PENDING","Stranglethorn Fishing Extravaganza","0","65536","","","","","0","","Forever's data, which comes from CMaNGOS's event tables, tags this quest Stranglethorn Fishing Extravaganza (65536), a flag qcHolidays carries with calendar event 301. Retail's client has no holiday 301 (its Holidays table, build 12.1.0.69933, has no such row and none that uses the event's name), so retail's calendar can never report the event and a tag would hide the quest for good while the seasonal filter is on. TrinityCore's game_event 15 (holiday 301) lists no quests. Filed under Fishing (category 80) and typed repeatable. Blizzard's API files it under the quest category 'Fishing' (101); its text asks for a Brownell's Blue Striped Racer for Fishmaster Bluegill to catalogue. Not decided: left untagged."
"8228","Could I get a Fishing Flier?","PENDING","Stranglethorn Fishing Extravaganza","0","65536","","","","","0","","Forever's data, which comes from CMaNGOS's event tables, tags this quest Stranglethorn Fishing Extravaganza (65536), a flag qcHolidays carries with calendar event 301. Retail's client has no holiday 301 (its Holidays table, build 12.1.0.69933, has no such row and none that uses the event's name), so retail's calendar can never report the event and a tag would hide the quest for good while the seasonal filter is on. TrinityCore's game_event 15 (holiday 301) lists no quests. Filed under Fishing (category 80). Blizzard's API has no record of it (404) and the client's QuestV2 doesn't list it, so it is already flagged unavailable (qcUnavailableQuests), which the addon's unavailable filter hides. Not decided: left untagged."
"8229","Could I get a Fishing Flier?","PENDING","Stranglethorn Fishing Extravaganza","0","65536","","","","","1","","Forever's data, which comes from CMaNGOS's event tables, tags this quest Stranglethorn Fishing Extravaganza (65536), a flag qcHolidays carries with calendar event 301. Retail's client has no holiday 301 (its Holidays table, build 12.1.0.69933, has no such row and none that uses the event's name), so retail's calendar can never report the event and a tag would hide the quest for good while the seasonal filter is on. TrinityCore's game_event 15 (holiday 301) lists no quests. Filed under Fishing (category 80). Blizzard's API has no record of it (404) and the client's QuestV2 doesn't list it, so it is already flagged unavailable (qcUnavailableQuests), which the addon's unavailable filter hides. Not decided: left untagged."
"44581","Spicing Things Up","PENDING","unknown","0","","","","","","1","","Our database types it 64, the seasonal type (drawn with the seasonal icon), but nothing names an event. It is filed under Cooking (category 42, cooking profession). Blizzard's API files it under the quest category 'Cooking' (304), with no description and a recipe as its reward. Wowhead's quick facts show Profession: Cooking, started and finished by Nomi in Dalaran, added in patch 7.0.3 (Legion), and no Event. TrinityCore lists no event for it. It reads as an ordinary Legion cooking quest, and the type is the only seasonal signal. Not decided: left untagged."
"60785","Party Crashers!","PENDING","unknown","0","","","","","","0","","Our database types it 64, the seasonal type (drawn with the seasonal icon), at level 60 with category 0 and zone text 'Eastern Kingdoms', but nothing names an event. Blizzard's API has no record of it (404) and the client's QuestV2 doesn't list it, so it is already flagged unavailable (qcUnavailableQuests). TrinityCore lists no event for it. Wowhead shows 'Type: World Event' (its own quest label, not a holiday) and no Event fact, with objectives in Revendreth and The Ember Court, added in patch 9.0.2 (Shadowlands); the pages of 60785 and 61161 were read, and the other three share their name, level, zone text and type. Not decided: left untagged."
"61161","Party Crashers!","PENDING","unknown","0","","","","","","0","","Our database types it 64, the seasonal type (drawn with the seasonal icon), at level 60 with category 0 and zone text 'Eastern Kingdoms', but nothing names an event. Blizzard's API has no record of it (404) and the client's QuestV2 doesn't list it, so it is already flagged unavailable (qcUnavailableQuests). TrinityCore lists no event for it. Wowhead shows 'Type: World Event' (its own quest label, not a holiday) and no Event fact, with objectives in Revendreth and The Ember Court, added in patch 9.0.2 (Shadowlands); the pages of 60785 and 61161 were read, and the other three share their name, level, zone text and type. Not decided: left untagged."
"61162","Party Crashers!","PENDING","unknown","0","","","","","","0","","Our database types it 64, the seasonal type (drawn with the seasonal icon), at level 60 with category 0 and zone text 'Eastern Kingdoms', but nothing names an event. Blizzard's API has no record of it (404) and the client's QuestV2 doesn't list it, so it is already flagged unavailable (qcUnavailableQuests). TrinityCore lists no event for it. Wowhead shows 'Type: World Event' (its own quest label, not a holiday) and no Event fact, with objectives in Revendreth and The Ember Court, added in patch 9.0.2 (Shadowlands); the pages of 60785 and 61161 were read, and the other three share their name, level, zone text and type. Not decided: left untagged."
"61163","Party Crashers!","PENDING","unknown","0","","","","","","0","","Our database types it 64, the seasonal type (drawn with the seasonal icon), at level 60 with category 0 and zone text 'Eastern Kingdoms', but nothing names an event. Blizzard's API has no record of it (404) and the client's QuestV2 doesn't list it, so it is already flagged unavailable (qcUnavailableQuests). TrinityCore lists no event for it. Wowhead shows 'Type: World Event' (its own quest label, not a holiday) and no Event fact, with objectives in Revendreth and The Ember Court, added in patch 9.0.2 (Shadowlands); the pages of 60785 and 61161 were read, and the other three share their name, level, zone text and type. Not decided: left untagged."
"61164","Party Crashers!","PENDING","unknown","0","","","","","","0","","Our database types it 64, the seasonal type (drawn with the seasonal icon), at level 60 with category 0 and zone text 'Eastern Kingdoms', but nothing names an event. Blizzard's API has no record of it (404) and the client's QuestV2 doesn't list it, so it is already flagged unavailable (qcUnavailableQuests). TrinityCore lists no event for it. Wowhead shows 'Type: World Event' (its own quest label, not a holiday) and no Event fact, with objectives in Revendreth and The Ember Court, added in patch 9.0.2 (Shadowlands); the pages of 60785 and 61161 were read, and the other three share their name, level, zone text and type. Not decided: left untagged."
"12286","Candy Bucket","KEEP","Hallow's End","16","16","","","","","0","","Checked 2026-10-09: Tagged Hallow's End (16) in category 90, which is right. TrinityCore lists it in the Love is in the Air event (8), but Blizzard's API files it under 'Hallow's End' (21) like the other 264 quests named 'Candy Bucket', all tagged Hallow's End: TrinityCore is wrong here. Kept as it is."
"75538","Beginning Impositions","KEEP","Darkmoon Faire","0","0","","","","","1","","Checked 2026-10-09: Part of the Warlock questline on Darkmoon Island (category 316), left untagged on purpose since the Darkmoon Faire flag was added (commit 2c995a7): its players reach the island by stagecoach, so it isn't tied to the faire's dates. Kept as it is."
"75539","Some Wicked Things This Way Come","KEEP","Darkmoon Faire","0","0","","","","","1","","Checked 2026-10-09: Part of the Warlock questline on Darkmoon Island (category 316), left untagged on purpose since the Darkmoon Faire flag was added (commit 2c995a7): its players reach the island by stagecoach, so it isn't tied to the faire's dates. Kept as it is."
"75540","Hermetic Insurance","KEEP","Darkmoon Faire","0","0","","","","","1","","Checked 2026-10-09: Part of the Warlock questline on Darkmoon Island (category 316), left untagged on purpose since the Darkmoon Faire flag was added (commit 2c995a7): its players reach the island by stagecoach, so it isn't tied to the faire's dates. Kept as it is."
"75541","Those Who Hesitate","KEEP","Darkmoon Faire","0","0","","","","","1","","Checked 2026-10-09: Part of the Warlock questline on Darkmoon Island (category 316), left untagged on purpose since the Darkmoon Faire flag was added (commit 2c995a7): its players reach the island by stagecoach, so it isn't tied to the faire's dates. Kept as it is."
"75542","Curses & Cultists","KEEP","Darkmoon Faire","0","0","","","","","2","","Checked 2026-10-09: Part of the Warlock questline on Darkmoon Island (category 316), left untagged on purpose since the Darkmoon Faire flag was added (commit 2c995a7): its players reach the island by stagecoach, so it isn't tied to the faire's dates. Kept as it is."
"75639","Fel Suspicions","KEEP","Darkmoon Faire","0","0","","","","","1","","Checked 2026-10-09: Part of the Warlock questline on Darkmoon Island (category 316), left untagged on purpose since the Darkmoon Faire flag was added (commit 2c995a7): its players reach the island by stagecoach, so it isn't tied to the faire's dates. Kept as it is."
"76155","A Wolf Among Sheep","KEEP","Darkmoon Faire","0","0","","","","","2","","Checked 2026-10-09: Part of the Warlock questline on Darkmoon Island (category 316), left untagged on purpose since the Darkmoon Faire flag was added (commit 2c995a7): its players reach the island by stagecoach, so it isn't tied to the faire's dates. Kept as it is."
"76410","A Dark Summons","KEEP","Darkmoon Faire","0","0","","","","","1","","Checked 2026-10-09: Part of the Warlock questline on Darkmoon Island (category 316), left untagged on purpose since the Darkmoon Faire flag was added (commit 2c995a7): its players reach the island by stagecoach, so it isn't tied to the faire's dates. Kept as it is."
"76427","A Dark Summons","KEEP","Darkmoon Faire","0","0","","","","","1","","Checked 2026-10-09: Part of the Warlock questline on Darkmoon Island (category 316), left untagged on purpose since the Darkmoon Faire flag was added (commit 2c995a7): its players reach the island by stagecoach, so it isn't tied to the faire's dates. Kept as it is."
"76430","Beginning Impositions","KEEP","Darkmoon Faire","0","0","","","","","1","","Checked 2026-10-09: Part of the Warlock questline on Darkmoon Island (category 316), left untagged on purpose since the Darkmoon Faire flag was added (commit 2c995a7): its players reach the island by stagecoach, so it isn't tied to the faire's dates. Kept as it is."
