"QuestID","Name","Zone","Reason","Decision","Evidence"
"8228","Could I get a Fishing Flier?","Fishing","2","FLAG","Not in QuestV2 or quest location data of retail 12.1.0.69933 or PTR 12.1.5.70077; Blizzard API 404; no pin, quest line, achievement criterion or prerequisite; unknown to the server too (the type probe couldn't load it)"
"8229","Could I get a Fishing Flier?","Fishing","2","FLAG","Reviewed with the user 2026-10-05: not in QuestV2 of retail 12.1.0.69933 or PTR 12.1.5.70077 and unknown to the server (the type probe couldn't load it), like its sibling 8228; Blizzard API 404. Its pin goes with it"
"9288","Hunter Training","Hunter","","KEEP","Reviewed with the user 2026-10-05: no evidence either way, so it stays shown (anything uncertain stays unflagged)"
"9422","Scouring the Desert","Silithus","","KEEP","Reviewed with the user 2026-10-05: no evidence either way, so it stays shown (anything uncertain stays unflagged)"
"10754","Entry Into the Citadel","Hellfire Peninsula","","KEEP","Reviewed with the user 2026-10-05: no evidence either way, so it stays shown (anything uncertain stays unflagged)"
"11031","Archmage No More","Karazhan","","KEEP","Reviewed with the user 2026-10-05: no evidence either way, so it stays shown (anything uncertain stays unflagged)"
"11032","Protector No More","Karazhan","","KEEP","Reviewed with the user 2026-10-05: no evidence either way, so it stays shown (anything uncertain stays unflagged)"
"11033","Assassin No More","Karazhan","","KEEP","Reviewed with the user 2026-10-05: no evidence either way, so it stays shown (anything uncertain stays unflagged)"
"11034","Restorer No More","Karazhan","","KEEP","Reviewed with the user 2026-10-05: no evidence either way, so it stays shown (anything uncertain stays unflagged)"
"13799","Where Are My Keys?","Nagrand","","KEEP","Reviewed with the user 2026-10-05: no evidence either way, so it stays shown (anything uncertain stays unflagged)"
"13800","Get My Keys!","Nagrand","","KEEP","Reviewed with the user 2026-10-05: no evidence either way, so it stays shown (anything uncertain stays unflagged)"
"24752","The Arts of a Mage","Durotar","1","FLAG","Reviewed with the user 2026-10-05: Wowhead lists 24760 The Arts of a Shaman, from the same set of Durotar class quests, as obsolete. Blizzard API 404; no quest-giver point, pin, quest line, achievement criterion or prerequisite"
"24760","The Arts of a Shaman","Durotar","1","FLAG","Reviewed with the user 2026-10-05: Wowhead lists it as obsolete. Blizzard API 404; no quest-giver point, pin, quest line, achievement criterion or prerequisite"
"24766","The Arts of a Druid","Durotar","1","FLAG","Reviewed with the user 2026-10-05: Wowhead lists 24760 The Arts of a Shaman, from the same set of Durotar class quests, as obsolete. Blizzard API 404; no quest-giver point, pin, quest line, achievement criterion or prerequisite"
"26178","Planning for the Future","Dragonblight","","KEEP","Reviewed with the user 2026-10-05: no evidence either way, so it stays shown (anything uncertain stays unflagged)"
"31150","Elegant Rune","Monk","","KEEP","Reviewed with the user 2026-10-05: no evidence either way, so it stays shown (anything uncertain stays unflagged)"
"32674","I Believe You Can Fly","Riding","","KEEP","Reviewed with the user 2026-10-05: no evidence either way, so it stays shown (anything uncertain stays unflagged)"
"32675","I Believe You Can Fly","Riding","","KEEP","Reviewed with the user 2026-10-05: no evidence either way, so it stays shown (anything uncertain stays unflagged)"
"33350","Redridge Group Trial","Redridge Mountains","2","FLAG","Not in QuestV2 or quest location data of retail 12.1.0.69933 or PTR 12.1.5.70077; Blizzard API 404; no pin, quest line, achievement criterion or prerequisite; unknown to the server too (the type probe couldn't load it)"
"34244","They Took My Father","Garrison Support","","KEEP","Reviewed with the user 2026-10-05: no evidence either way, so it stays shown (anything uncertain stays unflagged)"
"34475","Garrison Invasion!","Garrison Support","","KEEP","Reviewed with the user 2026-10-05: no evidence either way, so it stays shown (anything uncertain stays unflagged)"
"34530","Shaper Dungeon [PH] Challenge Mode - Consolation (Nth)","","","KEEP","Menu review 9 Oct 2026 (not reviewed with the user): internal placeholder name, but Blizzard's API serves it; the server knows it (type probe); in neither build's QuestV2, which never lists repeatable quests, so that proves nothing; no pin, quest-giver point, quest line, achievement criterion or prerequisite. Not flagged: the server knows it; the API serves it. Stays shown."
"34551","Shaper Dungeon [PH] Challenge Mode - Bronze Addition (Nth)","","","KEEP","Menu review 9 Oct 2026 (not reviewed with the user): internal placeholder name, but Blizzard's API serves it; the server knows it (type probe); in neither build's QuestV2, which never lists repeatable quests, so that proves nothing; no pin, quest-giver point, quest line, achievement criterion or prerequisite. Not flagged: the server knows it; the API serves it. Stays shown."
"34552","Shaper Dungeon [PH] Challenge Mode - Silver Addition (Nth)","","","KEEP","Menu review 9 Oct 2026 (not reviewed with the user): internal placeholder name, but Blizzard's API serves it; the server knows it (type probe); in neither build's QuestV2, which never lists repeatable quests, so that proves nothing; no pin, quest-giver point, quest line, achievement criterion or prerequisite. Not flagged: the server knows it; the API serves it. Stays shown."
"34553","Shaper Dungeon [PH] Challenge Mode - Gold Addition (Nth)","","","KEEP","Menu review 9 Oct 2026 (not reviewed with the user): internal placeholder name, but Blizzard's API serves it; the server knows it (type probe); in neither build's QuestV2, which never lists repeatable quests, so that proves nothing; no pin, quest-giver point, quest line, achievement criterion or prerequisite. Not flagged: the server knows it; the API serves it. Stays shown."
"34871","Supply Recovery Tracking","Talador","1","FLAG","Reviewed with the user 2026-10-05: a hidden tracking quest, never offered to players. In the client's QuestV2, but Blizzard API 404; no quest-giver point, pin, quest line, achievement criterion or prerequisite"
"34872","Prized Repossessions Tracking","Talador","1","FLAG","Reviewed with the user 2026-10-05: a hidden tracking quest, never offered to players. In the client's QuestV2, but Blizzard API 404; no quest-giver point, pin, quest line, achievement criterion or prerequisite"
"34873","Punching Through Tracking","Talador","1","FLAG","Reviewed with the user 2026-10-05: a hidden tracking quest, never offered to players. In the client's QuestV2, but Blizzard API 404; no quest-giver point, pin, quest line, achievement criterion or prerequisite"
"34895","Dropping Bombs Tracking","Talador","1","FLAG","Reviewed with the user 2026-10-05: a hidden tracking quest, never offered to players. In the client's QuestV2, but Blizzard API 404; no quest-giver point, pin, quest line, achievement criterion or prerequisite"
"34983","Dropping Bombs Tracking","Talador","1","FLAG","Reviewed with the user 2026-10-05: a hidden tracking quest, never offered to players. In the client's QuestV2, but Blizzard API 404; no quest-giver point, pin, quest line, achievement criterion or prerequisite"
"34984","Supply Recovery Tracking","Talador","1","FLAG","Reviewed with the user 2026-10-05: a hidden tracking quest, never offered to players. In the client's QuestV2, but Blizzard API 404; no quest-giver point, pin, quest line, achievement criterion or prerequisite"
"34985","Prized Repossessions Tracking","Talador","1","FLAG","Reviewed with the user 2026-10-05: a hidden tracking quest, never offered to players. In the client's QuestV2, but Blizzard API 404; no quest-giver point, pin, quest line, achievement criterion or prerequisite"
"34986","Punching Through Tracking","Talador","1","FLAG","Reviewed with the user 2026-10-05: a hidden tracking quest, never offered to players. In the client's QuestV2, but Blizzard API 404; no quest-giver point, pin, quest line, achievement criterion or prerequisite"
"35047","Dropping Bombs Tracking","Talador","1","FLAG","Reviewed with the user 2026-10-05: a hidden tracking quest, never offered to players. In the client's QuestV2, but Blizzard API 404; no quest-giver point, pin, quest line, achievement criterion or prerequisite"
"35105","Honor and Remember","Garrison Support","","KEEP","Reviewed with the user 2026-10-05: no evidence either way, so it stays shown (anything uncertain stays unflagged)"
"35653","Wood is Wood","Gorgrond","","KEEP","Reviewed with the user 2026-10-05: no evidence either way, so it stays shown (anything uncertain stays unflagged)"
"36793","Founded Garrison","Garrison Support","1","FLAG","Reviewed with the user 2026-10-05: a hidden tracking quest, never offered to players. In the client's QuestV2, but Blizzard API 404; no quest-giver point, pin, quest line, achievement criterion or prerequisite"
"36797","Founded Garrison","Garrison Support","1","FLAG","Reviewed with the user 2026-10-05: a hidden tracking quest, never offered to players. In the client's QuestV2, but Blizzard API 404; no quest-giver point, pin, quest line, achievement criterion or prerequisite"
"36834","Gorgrond Ogre Gateway - Tracking","Garrison Support","1","FLAG","Reviewed with the user 2026-10-05: a hidden tracking quest, never offered to players. In the client's QuestV2, but Blizzard API 404; no quest-giver point, pin, quest line, achievement criterion or prerequisite"
"37197","See Rexxar Quest Giver 002","Garrison Support","1","FLAG","Reviewed with the user 2026-10-05: a hidden tracking quest, never offered to players. In the client's QuestV2, but Blizzard API 404; no quest-giver point, pin, quest line, achievement criterion or prerequisite"
"37333","LFGDungeons - Draenor - Heroic Random - 1st","","","KEEP","Menu review 9 Oct 2026 (not reviewed with the user): internal placeholder name, but Blizzard's API serves it; the server knows it (type probe); in neither build's QuestV2, which never lists repeatable quests, so that proves nothing; no pin, quest-giver point, quest line, achievement criterion or prerequisite. Not flagged: the server knows it; the API serves it. Stays shown."
"37334","LFGDungeons - Draenor - Heroic Random - Nth","","","KEEP","Menu review 9 Oct 2026 (not reviewed with the user): internal placeholder name, but Blizzard's API serves it; the server knows it (type probe); in neither build's QuestV2, which never lists repeatable quests, so that proves nothing; no pin, quest-giver point, quest line, achievement criterion or prerequisite. Not flagged: the server knows it; the API serves it. Stays shown."
"37335","LFGDungeons - Draenor - Normal Random - 1st","","","KEEP","Menu review 9 Oct 2026 (not reviewed with the user): internal placeholder name, but Blizzard's API serves it; the server knows it (type probe); in neither build's QuestV2, which never lists repeatable quests, so that proves nothing; no pin, quest-giver point, quest line, achievement criterion or prerequisite. Not flagged: the server knows it; the API serves it. Stays shown."
"37336","LFGDungeons - Draenor - Normal Random - Nth","","","KEEP","Menu review 9 Oct 2026 (not reviewed with the user): internal placeholder name, but Blizzard's API serves it; the server knows it (type probe); in neither build's QuestV2, which never lists repeatable quests, so that proves nothing; no pin, quest-giver point, quest line, achievement criterion or prerequisite. Not flagged: the server knows it; the API serves it. Stays shown."
"37451","See Qiana Moonshadow (Follower Mission Turn in)","Garrison Support","1","FLAG","Reviewed with the user 2026-10-05: a hidden tracking quest, never offered to players. In the client's QuestV2, but Blizzard API 404; no quest-giver point, pin, quest line, achievement criterion or prerequisite"
"37505","LFGDungeons - Draenor - Raid Finder - 1st","","","KEEP","Menu review 9 Oct 2026 (not reviewed with the user): internal placeholder name, but Blizzard's API serves it; the server knows it (type probe); in neither build's QuestV2, which never lists repeatable quests, so that proves nothing; no pin, quest-giver point, quest line, achievement criterion or prerequisite. Not flagged: the server knows it; the API serves it. Stays shown."
"37506","LFGDungeons - Draenor - Raid Finder - Nth","","","KEEP","Menu review 9 Oct 2026 (not reviewed with the user): internal placeholder name, but Blizzard's API serves it; the server knows it (type probe); in neither build's QuestV2, which never lists repeatable quests, so that proves nothing; no pin, quest-giver point, quest line, achievement criterion or prerequisite. Not flagged: the server knows it; the API serves it. Stays shown."
"37526","Farondis Murder Flag","Azsuna","1","FLAG","Reviewed with the user 2026-10-05: a hidden tracking quest, never offered to players. In the client's QuestV2, but Blizzard API 404; no quest-giver point, pin, quest line, achievement criterion or prerequisite"
"37638","Bronze Tracker","","1","FLAG","Reviewed with the user 2026-10-05: a hidden tracking quest, never offered to players. In the client's QuestV2, but Blizzard API 404; no quest-giver point, pin, quest line, achievement criterion or prerequisite"
"37639","Silver Tracker","","1","FLAG","Reviewed with the user 2026-10-05: a hidden tracking quest, never offered to players. In the client's QuestV2, but Blizzard API 404; no quest-giver point, pin, quest line, achievement criterion or prerequisite"
"37640","Gold Tracker","","1","FLAG","Reviewed with the user 2026-10-05: a hidden tracking quest, never offered to players. In the client's QuestV2, but Blizzard API 404; no quest-giver point, pin, quest line, achievement criterion or prerequisite"
"37646","See New Brightstone, See Wolfed Out Thorn","Garrison Support","1","FLAG","Reviewed with the user 2026-10-05: a hidden tracking quest, never offered to players. In the client's QuestV2, but Blizzard API 404; no quest-giver point, pin, quest line, achievement criterion or prerequisite"
"37930","Whelp? That Happened.","Azsuna","","KEEP","Reviewed with the user 2026-10-05: no evidence either way, so it stays shown (anything uncertain stays unflagged)"
"38304","Val'sharah","Val'sharah","","KEEP","Reviewed with the user 2026-10-05: no evidence either way, so it stays shown (anything uncertain stays unflagged)"
"38305","Cenarius, Keeper of the Grove","Val'sharah","","KEEP","Reviewed with the user 2026-10-05: no evidence either way, so it stays shown (anything uncertain stays unflagged)"
"38306","Mystery Notebook","Undercity","","KEEP","Reviewed with the user 2026-10-05: no evidence either way, so it stays shown (anything uncertain stays unflagged)"
"38341","Halting the Nightmare","Val'sharah","","KEEP","Reviewed with the user 2026-10-05: no evidence either way, so it stays shown (anything uncertain stays unflagged)"
"38482","Platinum Tracker","","1","FLAG","Reviewed with the user 2026-10-05: a hidden tracking quest, never offered to players. In the client's QuestV2, but Blizzard API 404; no quest-giver point, pin, quest line, achievement criterion or prerequisite"
"38619","Defeat Valgrinn","Stormheim","","KEEP","Reviewed with the user 2026-10-05: no evidence either way, so it stays shown (anything uncertain stays unflagged)"
"38711","The Warden's Signet","Val'sharah","","KEEP","Reviewed with the user 2026-10-05: no evidence either way, so it stays shown (anything uncertain stays unflagged)"
"38845","Unused","Shadowmoon Valley","1","FLAG","Reviewed with the user 2026-10-05: an internal or test entry ([DNT], placeholder or test name), not a player quest. In the client's QuestV2, but Blizzard API 404; no quest-giver point, pin, quest line, achievement criterion or prerequisite"
"38914","Secrets of Highmountain","Highmountain","","KEEP","Reviewed with the user 2026-10-05: no evidence either way, so it stays shown (anything uncertain stays unflagged)"
"38938","Unbearable","Val'sharah","","KEEP","Reviewed with the user 2026-10-05: no evidence either way, so it stays shown (anything uncertain stays unflagged)"
"39020","A Burning Path Through Time","Weekend Event","","KEEP","Reviewed with the user 2026-10-05: no evidence either way, so it stays shown (anything uncertain stays unflagged)"
"39021","A Frozen Path Through Time","Weekend Event","","KEEP","Reviewed with the user 2026-10-05: no evidence either way, so it stays shown (anything uncertain stays unflagged)"
"39869","Toll for the Soul","Neltharion's Lair ","","KEEP","Reviewed with the user 2026-10-05: no evidence either way, so it stays shown (anything uncertain stays unflagged)"
"40317","Tree Destroyed","Suramar","1","FLAG","Reviewed with the user 2026-10-05: a hidden tracking quest, never offered to players. In the client's QuestV2, but Blizzard API 404; no quest-giver point, pin, quest line, achievement criterion or prerequisite"
"40516","The Dawning Bit","The Wandering Isle","","KEEP","Reviewed with the user 2026-10-05: no evidence either way, so it stays shown (anything uncertain stays unflagged)"
"40651","The Seed of Ages","The Dreamgrove","","KEEP","Reviewed with the user 2026-10-05: no evidence either way, so it stays shown (anything uncertain stays unflagged)"
"40829","LFGDungeons - Draenor 6.2 - Raid Finder - 1st","","","KEEP","Menu review 9 Oct 2026 (not reviewed with the user): internal placeholder name, but Blizzard's API serves it; the server knows it (type probe); in neither build's QuestV2, which never lists repeatable quests, so that proves nothing; no pin, quest-giver point, quest line, achievement criterion or prerequisite. Not flagged: the server knows it; the API serves it. Stays shown."
"41710","Legion 110 A","Legion Uncategorized","1","FLAG","Reviewed with the user 2026-10-05: a hidden tracking quest, never offered to players. In the client's QuestV2, but Blizzard API 404; no quest-giver point, pin, quest line, achievement criterion or prerequisite"
"41712","Legion 110 A","Legion Uncategorized","2","FLAG","Not in QuestV2 or quest location data of retail 12.1.0.69933 or PTR 12.1.5.70077; Blizzard API 404; no pin, quest line, achievement criterion or prerequisite; unknown to the server too (the type probe couldn't load it)"
"41714","Legion 110 A","Legion Uncategorized","2","FLAG","Not in QuestV2 or quest location data of retail 12.1.0.69933 or PTR 12.1.5.70077; Blizzard API 404; no pin, quest line, achievement criterion or prerequisite; unknown to the server too (the type probe couldn't load it)"
"41716","Legion 110 A","Legion Uncategorized","2","FLAG","Not in QuestV2 or quest location data of retail 12.1.0.69933 or PTR 12.1.5.70077; Blizzard API 404; no pin, quest line, achievement criterion or prerequisite; unknown to the server too (the type probe couldn't load it)"
"41718","Legion 110 A","Legion Uncategorized","2","FLAG","Not in QuestV2 or quest location data of retail 12.1.0.69933 or PTR 12.1.5.70077; Blizzard API 404; no pin, quest line, achievement criterion or prerequisite; unknown to the server too (the type probe couldn't load it)"
"41720","Legion 110 A","Legion Uncategorized","2","FLAG","Not in QuestV2 or quest location data of retail 12.1.0.69933 or PTR 12.1.5.70077; Blizzard API 404; no pin, quest line, achievement criterion or prerequisite; unknown to the server too (the type probe couldn't load it)"
"41721","Legion 110 A","Legion Uncategorized","2","FLAG","Not in QuestV2 or quest location data of retail 12.1.0.69933 or PTR 12.1.5.70077; Blizzard API 404; no pin, quest line, achievement criterion or prerequisite; unknown to the server too (the type probe couldn't load it)"
"41761","Winter Moose Roundup","Highmountain","","KEEP","Reviewed with the user 2026-10-05: no evidence either way, so it stays shown (anything uncertain stays unflagged)"
"42170","The Dreamweavers","Val'sharah","","KEEP","Reviewed with the user 2026-10-05: an emissary bounty, and they still rotate"
"42233","Highmountain Tribes","Highmountain","","KEEP","Reviewed with the user 2026-10-05: an emissary bounty, and they still rotate"
"42234","The Valarjar","Stormheim","","KEEP","Reviewed with the user 2026-10-05: an emissary bounty, and they still rotate"
"42235","Invasion: Westfall","Westfall","1","FLAG","Reviewed with the user 2026-10-05: Legion's pre-launch invasion event (2016), long over. Blizzard API 404; no quest-giver point, pin, quest line, achievement criterion or prerequisite"
"42420","Court of Farondis","Azsuna","","KEEP","Reviewed with the user 2026-10-05: an emissary bounty, and they still rotate"
"42421","The Nightfallen","Suramar","","KEEP","Reviewed with the user 2026-10-05: an emissary bounty, and they still rotate"
"42422","The Wardens","Azsuna","","KEEP","Reviewed with the user 2026-10-05: an emissary bounty, and they still rotate"
"42457","Legion 110 A","Legion Uncategorized","2","FLAG","Not in QuestV2 or quest location data of retail 12.1.0.69933 or PTR 12.1.5.70077; Blizzard API 404; no pin, quest line, achievement criterion or prerequisite; unknown to the server too (the type probe couldn't load it)"
"42458","Legion 110 A","Legion Uncategorized","2","FLAG","Not in QuestV2 or quest location data of retail 12.1.0.69933 or PTR 12.1.5.70077; Blizzard API 404; no pin, quest line, achievement criterion or prerequisite; unknown to the server too (the type probe couldn't load it)"
"42462","Legion 110 A","Legion Uncategorized","1","FLAG","Reviewed with the user 2026-10-05: a hidden tracking quest, never offered to players. In the client's QuestV2, but Blizzard API 404; no quest-giver point, pin, quest line, achievement criterion or prerequisite"
"42464","Legion 110 A","Legion Uncategorized","1","FLAG","Reviewed with the user 2026-10-05: a hidden tracking quest, never offered to players. In the client's QuestV2, but Blizzard API 404; no quest-giver point, pin, quest line, achievement criterion or prerequisite"
"42466","Legion 110 A","Legion Uncategorized","2","FLAG","Not in QuestV2 or quest location data of retail 12.1.0.69933 or PTR 12.1.5.70077; Blizzard API 404; no pin, quest line, achievement criterion or prerequisite; unknown to the server too (the type probe couldn't load it)"
"42467","Legion 110 A","Legion Uncategorized","2","FLAG","Not in QuestV2 or quest location data of retail 12.1.0.69933 or PTR 12.1.5.70077; Blizzard API 404; no pin, quest line, achievement criterion or prerequisite; unknown to the server too (the type probe couldn't load it)"
"42468","Legion 110 A","Legion Uncategorized","2","FLAG","Not in QuestV2 or quest location data of retail 12.1.0.69933 or PTR 12.1.5.70077; Blizzard API 404; no pin, quest line, achievement criterion or prerequisite; unknown to the server too (the type probe couldn't load it)"
"42469","Legion 110 A","Legion Uncategorized","2","FLAG","Not in QuestV2 or quest location data of retail 12.1.0.69933 or PTR 12.1.5.70077; Blizzard API 404; no pin, quest line, achievement criterion or prerequisite; unknown to the server too (the type probe couldn't load it)"
"42470","Legion 110 A","Legion Uncategorized","2","FLAG","Not in QuestV2 or quest location data of retail 12.1.0.69933 or PTR 12.1.5.70077; Blizzard API 404; no pin, quest line, achievement criterion or prerequisite; unknown to the server too (the type probe couldn't load it)"
"42617","Champion: King Ymiron","Warrior Campaign","","KEEP","Reviewed with the user 2026-10-05: no evidence either way, so it stays shown (anything uncertain stays unflagged)"
"42805","Invasion: Hillsbrad Foothills","Hillsbrad Foothills","1","FLAG","Reviewed with the user 2026-10-05: Legion's pre-launch invasion event (2016), long over. Blizzard API 404; no quest-giver point, pin, quest line, achievement criterion or prerequisite"
"42897","LFGDungeons - Legion - Heroic Random - 1st","Legion Uncategorized","","KEEP","Menu review 9 Oct 2026 (not reviewed with the user): internal placeholder name, but Blizzard's API serves it; the server knows it (type probe); in neither build's QuestV2, which never lists repeatable quests, so that proves nothing; no pin, quest-giver point, quest line, achievement criterion or prerequisite. Not flagged: the server knows it; the API serves it. Stays shown."
"42899","LFGDungeons - Legion - Heroic Random - Nth","Legion Uncategorized","","KEEP","Menu review 9 Oct 2026 (not reviewed with the user): internal placeholder name, but Blizzard's API serves it; the server knows it (type probe); in neither build's QuestV2, which never lists repeatable quests, so that proves nothing; no pin, quest-giver point, quest line, achievement criterion or prerequisite. Not flagged: the server knows it; the API serves it. Stays shown."
"42901","LFGDungeons - Legion - Normal Random - 1st","Legion Uncategorized","","KEEP","Menu review 9 Oct 2026 (not reviewed with the user): internal placeholder name, but Blizzard's API serves it; the server knows it (type probe); in neither build's QuestV2, which never lists repeatable quests, so that proves nothing; no pin, quest-giver point, quest line, achievement criterion or prerequisite. Not flagged: the server knows it; the API serves it. Stays shown."
"42903","LFGDungeons - Legion - Normal Random - Nth","Legion Uncategorized","","KEEP","Menu review 9 Oct 2026 (not reviewed with the user): internal placeholder name, but Blizzard's API serves it; the server knows it (type probe); in neither build's QuestV2, which never lists repeatable quests, so that proves nothing; no pin, quest-giver point, quest line, achievement criterion or prerequisite. Not flagged: the server knows it; the API serves it. Stays shown."
"42904","LFGDungeons - Legion - Raid Finder - 1st","Legion Uncategorized","","KEEP","Menu review 9 Oct 2026 (not reviewed with the user): internal placeholder name, but Blizzard's API serves it; the server knows it (type probe); in neither build's QuestV2, which never lists repeatable quests, so that proves nothing; no pin, quest-giver point, quest line, achievement criterion or prerequisite. Not flagged: the server knows it; the API serves it. Stays shown."
"42905","LFGDungeons - Legion - Raid Finder - Nth","Legion Uncategorized","","KEEP","Menu review 9 Oct 2026 (not reviewed with the user): internal placeholder name, but Blizzard's API serves it; the server knows it (type probe); in QuestV2 of retail 12.1.0.69933 and of PTR 12.1.5.70077; no pin, quest-giver point, quest line, achievement criterion or prerequisite. Not flagged: the server knows it; the API serves it; it is still in the latest PTR's QuestV2. Stays shown."
"42912","LFGDungeons - Legion - Dungeon Normal - 1st","Legion Uncategorized","","KEEP","Menu review 9 Oct 2026 (not reviewed with the user): internal placeholder name, but Blizzard's API serves it; the server knows it (type probe); in neither build's QuestV2, which never lists repeatable quests, so that proves nothing; no pin, quest-giver point, quest line, achievement criterion or prerequisite. Not flagged: the server knows it; the API serves it. Stays shown."
"42913","LFGDungeons - Legion - Dungeon Normal - Nth","Legion Uncategorized","","KEEP","Menu review 9 Oct 2026 (not reviewed with the user): internal placeholder name, but Blizzard's API serves it; the server knows it (type probe); in neither build's QuestV2, which never lists repeatable quests, so that proves nothing; no pin, quest-giver point, quest line, achievement criterion or prerequisite. Not flagged: the server knows it; the API serves it. Stays shown."
"42915","Daily Heroic Specific (1st) (Legion)","Legion Uncategorized","2","FLAG","Not in QuestV2 or quest location data of retail 12.1.0.69933 or PTR 12.1.5.70077; Blizzard API 404; no pin, quest line, achievement criterion or prerequisite; unknown to the server too (the type probe couldn't load it)"
"42916","Daily Heroic Specific (Nth)(Legion)","Legion Uncategorized","2","FLAG","Not in QuestV2 or quest location data of retail 12.1.0.69933 or PTR 12.1.5.70077; Blizzard API 404; no pin, quest line, achievement criterion or prerequisite; unknown to the server too (the type probe couldn't load it)"
"43179","The Kirin Tor of Dalaran","Dalaran","","KEEP","Reviewed with the user 2026-10-05: an emissary bounty, and they still rotate"
"43497","Legion 110 A","Legion Uncategorized","2","FLAG","Not in QuestV2 or quest location data of retail 12.1.0.69933 or PTR 12.1.5.70077; Blizzard API 404; no pin, quest line, achievement criterion or prerequisite; unknown to the server too (the type probe couldn't load it)"
"43498","Legion 110 A","Legion Uncategorized","1","FLAG","Reviewed with the user 2026-10-05: a hidden tracking quest, never offered to players. In the client's QuestV2, but Blizzard API 404; no quest-giver point, pin, quest line, achievement criterion or prerequisite"
"45333","On Unhallowed Ground","Stormheim","","KEEP","Reviewed with the user 2026-10-05: no evidence either way, so it stays shown (anything uncertain stays unflagged)"
"45438","Armies of Legionfall [DEPRECATED]","Warrior Campaign","1","FLAG","Reviewed with the user 2026-10-05: Blizzard's own title marks it deprecated; the live Armies of Legionfall emissary is 48641. Blizzard API 404; no quest-giver point, pin, quest line, achievement criterion or prerequisite"
"45631","Avocation of Antonidas","Legion Uncategorized Quests","","KEEP","Reviewed with the user 2026-10-05: no evidence either way, so it stays shown (anything uncertain stays unflagged)"
"45746","Salvation","Hunter Campaign","","KEEP","Reviewed with the user 2026-10-05: no evidence either way, so it stays shown (anything uncertain stays unflagged)"
"45766","Albino Elderhorn","Highmountain","","KEEP","Reviewed with the user 2026-10-05: no evidence either way, so it stays shown (anything uncertain stays unflagged)"
"45801","Avocation of Antonidas","Legion Uncategorized Quests","","KEEP","Reviewed with the user 2026-10-05: no evidence either way, so it stays shown (anything uncertain stays unflagged)"
"45802","Avocation of Antonidas","Legion Uncategorized Quests","","KEEP","Reviewed with the user 2026-10-05: no evidence either way, so it stays shown (anything uncertain stays unflagged)"
"45803","Avocation of Antonidas","Legion Uncategorized Quests","","KEEP","Reviewed with the user 2026-10-05: no evidence either way, so it stays shown (anything uncertain stays unflagged)"
"46026","An Urgent Warning","The Dreamgrove","","KEEP","Reviewed with the user 2026-10-05: no evidence either way, so it stays shown (anything uncertain stays unflagged)"
"46030","An Urgent Warning","Acherus: The Ebon Hold","","KEEP","Reviewed with the user 2026-10-05: no evidence either way, so it stays shown (anything uncertain stays unflagged)"
"46202","Rare Elite 14","Broken Shore","1","FLAG","Reviewed with the user 2026-10-05: an internal or test entry ([DNT], placeholder or test name), not a player quest. In the client's QuestV2, but Blizzard API 404; no quest-giver point, pin, quest line, achievement criterion or prerequisite"
"46277","Contribute to Mage Tower","Legion Uncategorized","","KEEP","Flagged in phase 1 for being missing from QuestV2. Reviewed with the user 2026-10-05: unflagged, because QuestV2 never lists repeatable quests (none of the 500 the API flags repeatable) and the server still knows this one (the type probe loaded it)"
"46735","Contribute to Command Center","Legion Uncategorized","","KEEP","Flagged in phase 1 for being missing from QuestV2. Reviewed with the user 2026-10-05: unflagged, because QuestV2 never lists repeatable quests (none of the 500 the API flags repeatable) and the server still knows this one (the type probe loaded it)"
"46736","Contribute to Nether Disruptor","Legion Uncategorized","","KEEP","Flagged in phase 1 for being missing from QuestV2. Reviewed with the user 2026-10-05: unflagged, because QuestV2 never lists repeatable quests (none of the 500 the API flags repeatable) and the server still knows this one (the type probe loaded it)"
"46743","Supplies From Highmountain","Highmountain","","KEEP","Reviewed with the user 2026-10-05: a Legion paragon reward, repeatable, which QuestV2 never lists; the server still knows it (the type probe loaded it), and an achievement criterion requires it"
"46745","Supplies From the Court","Azsuna","","KEEP","Reviewed with the user 2026-10-05: a Legion paragon reward, repeatable, which QuestV2 never lists; the server still knows it (the type probe loaded it), and an achievement criterion requires it"
"46746","Supplies From the Valarjar","Stormheim","","KEEP","Reviewed with the user 2026-10-05: a Legion paragon reward, repeatable, which QuestV2 never lists; the server still knows it (the type probe loaded it), and an achievement criterion requires it"
"46747","Supplies From the Dreamweavers","Val'sharah","","KEEP","Reviewed with the user 2026-10-05: a Legion paragon reward, repeatable, which QuestV2 never lists; the server still knows it (the type probe loaded it), and an achievement criterion requires it"
"46748","Supplies From the Nightfallen","Suramar","","KEEP","Reviewed with the user 2026-10-05: a Legion paragon reward, repeatable, which QuestV2 never lists; the server still knows it (the type probe loaded it), and an achievement criterion requires it"
"46749","Supplies From the Wardens","Azsuna","","KEEP","Reviewed with the user 2026-10-05: a Legion paragon reward, repeatable, which QuestV2 never lists; the server still knows it (the type probe loaded it), and an achievement criterion requires it"
"46777","The Bounties of Legionfall","Broken Shore","","KEEP","Reviewed with the user 2026-10-05: a Legion paragon reward, repeatable, which QuestV2 never lists; the server still knows it (the type probe loaded it), and an achievement criterion requires it"
"46810","To the forge it goes...","Dalaran","","KEEP","Reviewed with the user 2026-10-05: no evidence either way, so it stays shown (anything uncertain stays unflagged)"
"46946","To the forge it goes...","Dalaran","","KEEP","Reviewed with the user 2026-10-05: no evidence either way, so it stays shown (anything uncertain stays unflagged)"
"47253","The Originals","Legion Uncategorized Quests","","KEEP","Reviewed with the user 2026-10-05: no evidence either way, so it stays shown (anything uncertain stays unflagged)"
"47767","Death Metal Knight","Stormheim","","KEEP","Reviewed with the user 2026-10-05: no evidence either way, so it stays shown (anything uncertain stays unflagged)"
"48237","Defeat Nekthara","Bfa Unknown","2","FLAG","Not in QuestV2 or quest location data of retail 12.1.0.69933 or PTR 12.1.5.70077; Blizzard API 404; no pin, quest line, achievement criterion or prerequisite; unknown to the server too (the type probe couldn't load it)"
"48375","Primal Obliterum","Dalaran","2","FLAG","Not in QuestV2 or quest location data of retail 12.1.0.69933 or PTR 12.1.5.70077; Blizzard API 404; no pin, quest line, achievement criterion or prerequisite; unknown to the server too (the type probe couldn't load it)"
"48376","Mass Primal Obliterum","Dalaran","2","FLAG","Not in QuestV2 or quest location data of retail 12.1.0.69933 or PTR 12.1.5.70077; Blizzard API 404; no pin, quest line, achievement criterion or prerequisite; unknown to the server too (the type probe couldn't load it)"
"48639","Army of the Light","Krokuun","","KEEP","Reviewed with the user 2026-10-05: an emissary bounty, and they still rotate"
"48641","Armies of Legionfall","Broken Shore","","KEEP","Reviewed with the user 2026-10-05: an emissary bounty, and they still rotate"
"48642","Argussian Reach","Mac'Aree","","KEEP","Reviewed with the user 2026-10-05: an emissary bounty, and they still rotate"
"48870","The Many-Faced Devourer","Antoran Wastes","","KEEP","Reviewed with the user 2026-10-05: no evidence either way, so it stays shown (anything uncertain stays unflagged)"
"48964","Immortal Ace","Antoran Wastes","","KEEP","Reviewed with the user 2026-10-05: no evidence either way, so it stays shown (anything uncertain stays unflagged)"
"48976","Supplies From the Argussian Reach","Antoran Wastes","","KEEP","Flagged in phase 1 for being missing from QuestV2. Reviewed with the user 2026-10-05: unflagged, because QuestV2 never lists repeatable quests (none of the 500 the API flags repeatable) and the server still knows this one (the type probe loaded it)"
"48977","Supplies From the Army of the Light","Antoran Wastes","","KEEP","Flagged in phase 1 for being missing from QuestV2. Reviewed with the user 2026-10-05: unflagged, because QuestV2 never lists repeatable quests (none of the 500 the API flags repeatable) and the server still knows this one (the type probe loaded it)"
"48989","Poisoned Intentions","Vol`dun","","KEEP","Reviewed with the user 2026-10-05: no evidence either way, so it stays shown (anything uncertain stays unflagged)"
"48990","The Leader Calls","Vol`dun","","KEEP","Reviewed with the user 2026-10-05: no evidence either way, so it stays shown (anything uncertain stays unflagged)"
"48994","Akunda the Liar","Vol`dun","","KEEP","Reviewed with the user 2026-10-05: no evidence either way, so it stays shown (anything uncertain stays unflagged)"
"48995","Defeat Xenxuju","Vol`dun","","KEEP","Reviewed with the user 2026-10-05: no evidence either way, so it stays shown (anything uncertain stays unflagged)"
"49189","Intact Demon Eyes","Antoran Wastes","","KEEP","Reviewed with the user 2026-10-05: no evidence either way, so it stays shown (anything uncertain stays unflagged)"
"49190","More Intact Demon Eyes","Antoran Wastes","","KEEP","Reviewed with the user 2026-10-05: no evidence either way, so it stays shown (anything uncertain stays unflagged)"
"49191","Many More Intact Demon Eyes","Antoran Wastes","","KEEP","Reviewed with the user 2026-10-05: no evidence either way, so it stays shown (anything uncertain stays unflagged)"
"49193","A Pile of Intact Demon Eyes","Antoran Wastes","","KEEP","Reviewed with the user 2026-10-05: no evidence either way, so it stays shown (anything uncertain stays unflagged)"
"49194","Another Pile of Intact Demon Eyes","Antoran Wastes","","KEEP","Reviewed with the user 2026-10-05: no evidence either way, so it stays shown (anything uncertain stays unflagged)"
"49200","Yet More Intact Demon Eyes","Antoran Wastes","","KEEP","Reviewed with the user 2026-10-05: no evidence either way, so it stays shown (anything uncertain stays unflagged)"
"49336","Piecing Together the Past","Vol`dun","","KEEP","Reviewed with the user 2026-10-05: no evidence either way, so it stays shown (anything uncertain stays unflagged)"
"49337","Matters of the Heart","Vol`dun","","KEEP","Reviewed with the user 2026-10-05: no evidence either way, so it stays shown (anything uncertain stays unflagged)"
"49375","LARRY TEST QUEST","Nazmir","2","FLAG","Not in QuestV2 or quest location data of retail 12.1.0.69933 or PTR 12.1.5.70077; Blizzard API 404; no pin, quest line, achievement criterion or prerequisite; unknown to the server too (the type probe couldn't load it)"
"49411","Contruct Barracks","Bfa Unknown","","KEEP","Flagged in phase 1 for being missing from QuestV2. Reviewed with the user 2026-10-05: unflagged, because QuestV2 never lists repeatable quests (none of the 500 the API flags repeatable) and the server still knows this one (the type probe loaded it)"
"49753","Contruct Armory","Bfa Unknown","","KEEP","Flagged in phase 1 for being missing from QuestV2. Reviewed with the user 2026-10-05: unflagged, because QuestV2 never lists repeatable quests (none of the 500 the API flags repeatable) and the server still knows this one (the type probe loaded it)"
"49759","Contruct Workshop","Bfa Unknown","","KEEP","Flagged in phase 1 for being missing from QuestV2. Reviewed with the user 2026-10-05: unflagged, because QuestV2 never lists repeatable quests (none of the 500 the API flags repeatable) and the server still knows this one (the type probe loaded it)"
"49808","Against the Tide","Zuldazar","","KEEP","Reviewed with the user 2026-10-05: no evidence either way, so it stays shown (anything uncertain stays unflagged)"
"50384","[DNT] Test Quest","Blade's Edge Mountains","","KEEP","Menu review 9 Oct 2026 (not reviewed with the user): internal placeholder name, but Blizzard's API serves it; the server knows it (type probe); in QuestV2 of retail 12.1.0.69933 and of PTR 12.1.5.70077; it is required by an achievement criterion. Not flagged: the server knows it; the API serves it; it is still in the latest PTR's QuestV2; it has a sign of life. Stays shown."
"50404","[PH] A Gift from Jani","Zuldazar","1","FLAG","Reviewed with the user 2026-10-05: an internal or test entry ([DNT], placeholder or test name), not a player quest. In the client's QuestV2, but Blizzard API 404; no quest-giver point, pin, quest line, achievement criterion or prerequisite"
"50415","Gonk's Champion","Zuldazar","","KEEP","Reviewed with the user 2026-10-05: no evidence either way, so it stays shown (anything uncertain stays unflagged)"
"50562","Champions of Azeroth","Silithus: The Wound","","KEEP","Reviewed with the user 2026-10-05: an emissary bounty, and they still rotate"
"50598","Zandalari Empire","Zuldazar","","KEEP","Reviewed with the user 2026-10-05: an emissary bounty, and they still rotate"
"50599","Proudmoore Admiralty","Tiragarde Sound","","KEEP","Reviewed with the user 2026-10-05: an emissary bounty, and they still rotate"
"50600","Order of Embers","Drustvar","","KEEP","Reviewed with the user 2026-10-05: an emissary bounty, and they still rotate"
"50601","Storm's Wake","Stormsong Valley","","KEEP","Reviewed with the user 2026-10-05: an emissary bounty, and they still rotate"
"50602","Talanji's Expedition","Nasmir","","KEEP","Reviewed with the user 2026-10-05: an emissary bounty, and they still rotate"
"50603","Voldunai","Vol`dun","","KEEP","Reviewed with the user 2026-10-05: an emissary bounty, and they still rotate"
"50604","Tortollan Seekers","Bfa Unknown","","KEEP","Reviewed with the user 2026-10-05: an emissary bounty, and they still rotate"
"50605","Alliance War Effort","Tiragarde Sound","","KEEP","Reviewed with the user 2026-10-05: an emissary bounty, and they still rotate"
"50606","Horde War Effort","Zuldazar","","KEEP","Reviewed with the user 2026-10-05: an emissary bounty, and they still rotate"
"50670","Doug Test - Gossip Test 3","Bfa Unknown","2","FLAG","Not in QuestV2 or quest location data of retail 12.1.0.69933 or PTR 12.1.5.70077; Blizzard API 404; no pin, quest line, achievement criterion or prerequisite; unknown to the server too (the type probe couldn't load it)"
"51305","Jelly Clouds","Zuldazar","","KEEP","Reviewed with the user 2026-10-05: no evidence either way, so it stays shown (anything uncertain stays unflagged)"
"51334","Securing The Square","Stormsong Valley","","KEEP","Reviewed with the user 2026-10-05: no evidence either way, so it stays shown (anything uncertain stays unflagged)"
"51883","Grizz's Lunch","Stormsong Valley","","KEEP","Reviewed with the user 2026-10-05: no evidence either way, so it stays shown (anything uncertain stays unflagged)"
"52051","LFGDungeons - BFA - Raid Finder - 1st","Bfa Unknown","","KEEP","Menu review 9 Oct 2026 (not reviewed with the user): internal placeholder name, but Blizzard's API serves it; the server knows it (type probe); in neither build's QuestV2, which never lists repeatable quests, so that proves nothing; no pin, quest-giver point, quest line, achievement criterion or prerequisite. Not flagged: the server knows it; the API serves it. Stays shown."
"52052","LFGDungeons - BFA - Raid Finder - Nth","Bfa Unknown","","KEEP","Menu review 9 Oct 2026 (not reviewed with the user): internal placeholder name, but Blizzard's API serves it; the server knows it (type probe); in QuestV2 of retail 12.1.0.69933 and of PTR 12.1.5.70077; no pin, quest-giver point, quest line, achievement criterion or prerequisite. Not flagged: the server knows it; the API serves it; it is still in the latest PTR's QuestV2. Stays shown."
"52792","Arathi Donations: Akunda's Bite","Warfronts","","KEEP","Reviewed with the user 2026-10-05: Wowhead shows no ""no longer available"" notice for any of the 8 sampled (52792, 52929, 53368, 54329, 54330, 54396, 52928, 53365); not checked in game, so it stays shown"
"52928","Wartime Donations: Coarse Leather","Warfronts","","KEEP","Reviewed with the user 2026-10-05: Wowhead shows no ""no longer available"" notice for any of the 8 sampled (52792, 52929, 53368, 54329, 54330, 54396, 52928, 53365); not checked in game, so it stays shown"
"52929","Arathi Donations: Monelite Ore","Warfronts","","KEEP","Reviewed with the user 2026-10-05: Wowhead shows no ""no longer available"" notice for any of the 8 sampled (52792, 52929, 53368, 54329, 54330, 54396, 52928, 53365); not checked in game, so it stays shown"
"52930","Arathi Donations: Gold","Warfronts","","KEEP","Reviewed with the user 2026-10-05: Wowhead shows no ""no longer available"" notice for any of the 8 sampled (52792, 52929, 53368, 54329, 54330, 54396, 52928, 53365); not checked in game, so it stays shown"
"53159","Wartime Donations: Coarse Leather","Warfronts","","KEEP","Reviewed with the user 2026-10-05: Wowhead shows no ""no longer available"" notice for any of the 8 sampled (52792, 52929, 53368, 54329, 54330, 54396, 52928, 53365); not checked in game, so it stays shown"
"53195","Arathi Donations: Akunda's Bite","Warfronts","","KEEP","Reviewed with the user 2026-10-05: Wowhead shows no ""no longer available"" notice for any of the 8 sampled (52792, 52929, 53368, 54329, 54330, 54396, 52928, 53365); not checked in game, so it stays shown"
"53205","Arathi Donations: Monelite Ore","Warfronts","","KEEP","Reviewed with the user 2026-10-05: Wowhead shows no ""no longer available"" notice for any of the 8 sampled (52792, 52929, 53368, 54329, 54330, 54396, 52928, 53365); not checked in game, so it stays shown"
"53211","Arathi Donations: Coastal Healing Potion","Warfronts","","KEEP","Reviewed with the user 2026-10-05: Wowhead shows no ""no longer available"" notice for any of the 8 sampled (52792, 52929, 53368, 54329, 54330, 54396, 52928, 53365); not checked in game, so it stays shown"
"53213","Arathi Donations: Coastal Mana Potion","Warfronts","","KEEP","Reviewed with the user 2026-10-05: Wowhead shows no ""no longer available"" notice for any of the 8 sampled (52792, 52929, 53368, 54329, 54330, 54396, 52928, 53365); not checked in game, so it stays shown"
"53216","Arathi Donations: Shimmerscale","Warfronts","","KEEP","Reviewed with the user 2026-10-05: Wowhead shows no ""no longer available"" notice for any of the 8 sampled (52792, 52929, 53368, 54329, 54330, 54396, 52928, 53365); not checked in game, so it stays shown"
"53217","Arathi Donations: Coarse Leather Barding","Warfronts","","KEEP","Reviewed with the user 2026-10-05: Wowhead shows no ""no longer available"" notice for any of the 8 sampled (52792, 52929, 53368, 54329, 54330, 54396, 52928, 53365); not checked in game, so it stays shown"
"53218","Arathi Donations: Monel-Hardened Hoofplates","Warfronts","","KEEP","Reviewed with the user 2026-10-05: Wowhead shows no ""no longer available"" notice for any of the 8 sampled (52792, 52929, 53368, 54329, 54330, 54396, 52928, 53365); not checked in game, so it stays shown"
"53219","Arathi Donations: War-Scroll of Battle Shout","Warfronts","","KEEP","Reviewed with the user 2026-10-05: Wowhead shows no ""no longer available"" notice for any of the 8 sampled (52792, 52929, 53368, 54329, 54330, 54396, 52928, 53365); not checked in game, so it stays shown"
"53223","Wartime Donations: Grilled Catfish","Warfronts","","KEEP","Reviewed with the user 2026-10-05: Wowhead shows no ""no longer available"" notice for any of the 8 sampled (52792, 52929, 53368, 54329, 54330, 54396, 52928, 53365); not checked in game, so it stays shown"
"53224","Arathi Donations: Seasoned Loins","Warfronts","","KEEP","Reviewed with the user 2026-10-05: Wowhead shows no ""no longer available"" notice for any of the 8 sampled (52792, 52929, 53368, 54329, 54330, 54396, 52928, 53365); not checked in game, so it stays shown"
"53225","Wartime Donations: Great Sea Catfish","Warfronts","","KEEP","Reviewed with the user 2026-10-05: Wowhead shows no ""no longer available"" notice for any of the 8 sampled (52792, 52929, 53368, 54329, 54330, 54396, 52928, 53365); not checked in game, so it stays shown"
"53226","Arathi Donations: Tidespray Linen","Warfronts","","KEEP","Reviewed with the user 2026-10-05: Wowhead shows no ""no longer available"" notice for any of the 8 sampled (52792, 52929, 53368, 54329, 54330, 54396, 52928, 53365); not checked in game, so it stays shown"
"53227","Arathi Donations: Battle Flag: Spirit of Freedom","Warfronts","","KEEP","Reviewed with the user 2026-10-05: Wowhead shows no ""no longer available"" notice for any of the 8 sampled (52792, 52929, 53368, 54329, 54330, 54396, 52928, 53365); not checked in game, so it stays shown"
"53228","Arathi Donations: Battle Flag: Phalanx Defense","Warfronts","","KEEP","Reviewed with the user 2026-10-05: Wowhead shows no ""no longer available"" notice for any of the 8 sampled (52792, 52929, 53368, 54329, 54330, 54396, 52928, 53365); not checked in game, so it stays shown"
"53229","Arathi Donations: Enchant Ring - Seal of Critical Strike","Warfronts","","KEEP","Reviewed with the user 2026-10-05: Wowhead shows no ""no longer available"" notice for any of the 8 sampled (52792, 52929, 53368, 54329, 54330, 54396, 52928, 53365); not checked in game, so it stays shown"
"53230","Arathi Donations: Enchant Ring - Seal of Versatility","Warfronts","","KEEP","Reviewed with the user 2026-10-05: Wowhead shows no ""no longer available"" notice for any of the 8 sampled (52792, 52929, 53368, 54329, 54330, 54396, 52928, 53365); not checked in game, so it stays shown"
"53231","Arathi Donations: Gloom Dust","Warfronts","","KEEP","Reviewed with the user 2026-10-05: Wowhead shows no ""no longer available"" notice for any of the 8 sampled (52792, 52929, 53368, 54329, 54330, 54396, 52928, 53365); not checked in game, so it stays shown"
"53232","Arathi Donations: Incendiary Ammunition","Warfronts","","KEEP","Reviewed with the user 2026-10-05: Wowhead shows no ""no longer available"" notice for any of the 8 sampled (52792, 52929, 53368, 54329, 54330, 54396, 52928, 53365); not checked in game, so it stays shown"
"53233","Arathi Donations: Frost-Laced Ammunition","Warfronts","","KEEP","Reviewed with the user 2026-10-05: Wowhead shows no ""no longer available"" notice for any of the 8 sampled (52792, 52929, 53368, 54329, 54330, 54396, 52928, 53365); not checked in game, so it stays shown"
"53234","Wartime Donations: F.R.I.E.D.","Warfronts","","KEEP","Reviewed with the user 2026-10-05: Wowhead shows no ""no longer available"" notice for any of the 8 sampled (52792, 52929, 53368, 54329, 54330, 54396, 52928, 53365); not checked in game, so it stays shown"
"53235","Wartime Donations: War-Scroll of Intellect","Warfronts","","KEEP","Reviewed with the user 2026-10-05: Wowhead shows no ""no longer available"" notice for any of the 8 sampled (52792, 52929, 53368, 54329, 54330, 54396, 52928, 53365); not checked in game, so it stays shown"
"53236","Arathi Donations: War-Scroll of Fortitude","Warfronts","","KEEP","Reviewed with the user 2026-10-05: Wowhead shows no ""no longer available"" notice for any of the 8 sampled (52792, 52929, 53368, 54329, 54330, 54396, 52928, 53365); not checked in game, so it stays shown"
"53237","Arathi Donations: War-Scroll of Battle Shout","Warfronts","","KEEP","Reviewed with the user 2026-10-05: Wowhead shows no ""no longer available"" notice for any of the 8 sampled (52792, 52929, 53368, 54329, 54330, 54396, 52928, 53365); not checked in game, so it stays shown"
"53238","Wartime Donations: Versatile Kyanite","Warfronts","","KEEP","Reviewed with the user 2026-10-05: Wowhead shows no ""no longer available"" notice for any of the 8 sampled (52792, 52929, 53368, 54329, 54330, 54396, 52928, 53365); not checked in game, so it stays shown"
"53239","Wartime Donations: Straddling Viridium","Warfronts","","KEEP","Reviewed with the user 2026-10-05: Wowhead shows no ""no longer available"" notice for any of the 8 sampled (52792, 52929, 53368, 54329, 54330, 54396, 52928, 53365); not checked in game, so it stays shown"
"53240","Arathi Donations: Deadly Solstone","Warfronts","","KEEP","Reviewed with the user 2026-10-05: Wowhead shows no ""no longer available"" notice for any of the 8 sampled (52792, 52929, 53368, 54329, 54330, 54396, 52928, 53365); not checked in game, so it stays shown"
"53241","Arathi Donations: Coastal Mana Potion","Warfronts","","KEEP","Reviewed with the user 2026-10-05: Wowhead shows no ""no longer available"" notice for any of the 8 sampled (52792, 52929, 53368, 54329, 54330, 54396, 52928, 53365); not checked in game, so it stays shown"
"53242","Arathi Donations: Coastal Healing Potion","Warfronts","","KEEP","Reviewed with the user 2026-10-05: Wowhead shows no ""no longer available"" notice for any of the 8 sampled (52792, 52929, 53368, 54329, 54330, 54396, 52928, 53365); not checked in game, so it stays shown"
"53243","Arathi Donations: Coarse Leather Barding","Warfronts","","KEEP","Reviewed with the user 2026-10-05: Wowhead shows no ""no longer available"" notice for any of the 8 sampled (52792, 52929, 53368, 54329, 54330, 54396, 52928, 53365); not checked in game, so it stays shown"
"53244","Arathi Donations: Shimmerscale","Warfronts","","KEEP","Reviewed with the user 2026-10-05: Wowhead shows no ""no longer available"" notice for any of the 8 sampled (52792, 52929, 53368, 54329, 54330, 54396, 52928, 53365); not checked in game, so it stays shown"
"53245","Arathi Donations: Monel-Hardened Hoofplates","Warfronts","","KEEP","Reviewed with the user 2026-10-05: Wowhead shows no ""no longer available"" notice for any of the 8 sampled (52792, 52929, 53368, 54329, 54330, 54396, 52928, 53365); not checked in game, so it stays shown"
"53246","Arathi Donations: Monel-Hardened Stirrups","Warfronts","","KEEP","Reviewed with the user 2026-10-05: Wowhead shows no ""no longer available"" notice for any of the 8 sampled (52792, 52929, 53368, 54329, 54330, 54396, 52928, 53365); not checked in game, so it stays shown"
"53247","Arathi Donations: Battle Flag: Spirit of Freedom","Warfronts","","KEEP","Reviewed with the user 2026-10-05: Wowhead shows no ""no longer available"" notice for any of the 8 sampled (52792, 52929, 53368, 54329, 54330, 54396, 52928, 53365); not checked in game, so it stays shown"
"53248","Arathi Donations: Battle Flag: Phalanx Defense","Warfronts","","KEEP","Reviewed with the user 2026-10-05: Wowhead shows no ""no longer available"" notice for any of the 8 sampled (52792, 52929, 53368, 54329, 54330, 54396, 52928, 53365); not checked in game, so it stays shown"
"53249","Arathi Donations: Tidespray Linen","Warfronts","","KEEP","Reviewed with the user 2026-10-05: Wowhead shows no ""no longer available"" notice for any of the 8 sampled (52792, 52929, 53368, 54329, 54330, 54396, 52928, 53365); not checked in game, so it stays shown"
"53250","Arathi Donations: War-Scroll of Fortitude","Warfronts","","KEEP","Reviewed with the user 2026-10-05: Wowhead shows no ""no longer available"" notice for any of the 8 sampled (52792, 52929, 53368, 54329, 54330, 54396, 52928, 53365); not checked in game, so it stays shown"
"53251","Wartime Donations: War-Scroll of Battle Shout","Warfronts","","KEEP","Reviewed with the user 2026-10-05: Wowhead shows no ""no longer available"" notice for any of the 8 sampled (52792, 52929, 53368, 54329, 54330, 54396, 52928, 53365); not checked in game, so it stays shown"
"53252","Arathi Donations: War-Scroll of Intellect","Warfronts","","KEEP","Reviewed with the user 2026-10-05: Wowhead shows no ""no longer available"" notice for any of the 8 sampled (52792, 52929, 53368, 54329, 54330, 54396, 52928, 53365); not checked in game, so it stays shown"
"53253","Arathi Donations: Enchant Ring - Seal of Versatility","Warfronts","","KEEP","Reviewed with the user 2026-10-05: Wowhead shows no ""no longer available"" notice for any of the 8 sampled (52792, 52929, 53368, 54329, 54330, 54396, 52928, 53365); not checked in game, so it stays shown"
"53254","Arathi Donations: Enchant Ring - Seal of Critical Strike","Warfronts","","KEEP","Reviewed with the user 2026-10-05: Wowhead shows no ""no longer available"" notice for any of the 8 sampled (52792, 52929, 53368, 54329, 54330, 54396, 52928, 53365); not checked in game, so it stays shown"
"53255","Arathi Donations: Gloom Dust","Warfronts","","KEEP","Reviewed with the user 2026-10-05: Wowhead shows no ""no longer available"" notice for any of the 8 sampled (52792, 52929, 53368, 54329, 54330, 54396, 52928, 53365); not checked in game, so it stays shown"
"53256","Wartime Donations: Deadly Solstone","Warfronts","","KEEP","Reviewed with the user 2026-10-05: Wowhead shows no ""no longer available"" notice for any of the 8 sampled (52792, 52929, 53368, 54329, 54330, 54396, 52928, 53365); not checked in game, so it stays shown"
"53257","Arathi Donations: Versatile Kyanite","Warfronts","","KEEP","Reviewed with the user 2026-10-05: Wowhead shows no ""no longer available"" notice for any of the 8 sampled (52792, 52929, 53368, 54329, 54330, 54396, 52928, 53365); not checked in game, so it stays shown"
"53258","Arathi Donations: Straddling Viridium","Warfronts","","KEEP","Reviewed with the user 2026-10-05: Wowhead shows no ""no longer available"" notice for any of the 8 sampled (52792, 52929, 53368, 54329, 54330, 54396, 52928, 53365); not checked in game, so it stays shown"
"53259","Wartime Donations: F.R.I.E.D.","Warfronts","","KEEP","Reviewed with the user 2026-10-05: Wowhead shows no ""no longer available"" notice for any of the 8 sampled (52792, 52929, 53368, 54329, 54330, 54396, 52928, 53365); not checked in game, so it stays shown"
"53260","Wartime Donations: Incendiary Ammunition","Warfronts","","KEEP","Reviewed with the user 2026-10-05: Wowhead shows no ""no longer available"" notice for any of the 8 sampled (52792, 52929, 53368, 54329, 54330, 54396, 52928, 53365); not checked in game, so it stays shown"
"53261","Arathi Donations: Frost-Laced Ammunition","Warfronts","","KEEP","Reviewed with the user 2026-10-05: Wowhead shows no ""no longer available"" notice for any of the 8 sampled (52792, 52929, 53368, 54329, 54330, 54396, 52928, 53365); not checked in game, so it stays shown"
"53262","Arathi Donations: Seasoned Loins","Warfronts","","KEEP","Reviewed with the user 2026-10-05: Wowhead shows no ""no longer available"" notice for any of the 8 sampled (52792, 52929, 53368, 54329, 54330, 54396, 52928, 53365); not checked in game, so it stays shown"
"53263","Arathi Donations: Grilled Catfish","Warfronts","","KEEP","Reviewed with the user 2026-10-05: Wowhead shows no ""no longer available"" notice for any of the 8 sampled (52792, 52929, 53368, 54329, 54330, 54396, 52928, 53365); not checked in game, so it stays shown"
"53264","Arathi Donations: Great Sea Catfish","Warfronts","","KEEP","Reviewed with the user 2026-10-05: Wowhead shows no ""no longer available"" notice for any of the 8 sampled (52792, 52929, 53368, 54329, 54330, 54396, 52928, 53365); not checked in game, so it stays shown"
"53265","Arathi Donations: Gold","Warfronts","","KEEP","Reviewed with the user 2026-10-05: Wowhead shows no ""no longer available"" notice for any of the 8 sampled (52792, 52929, 53368, 54329, 54330, 54396, 52928, 53365); not checked in game, so it stays shown"
"53334","Arathi Donations: War Resources","Warfronts","","KEEP","Reviewed with the user 2026-10-05: Wowhead shows no ""no longer available"" notice for any of the 8 sampled (52792, 52929, 53368, 54329, 54330, 54396, 52928, 53365); not checked in game, so it stays shown"
"53335","Arathi Donations: War Resources","Warfronts","","KEEP","Reviewed with the user 2026-10-05: Wowhead shows no ""no longer available"" notice for any of the 8 sampled (52792, 52929, 53368, 54329, 54330, 54396, 52928, 53365); not checked in game, so it stays shown"
"53349","Conquest's Reward","Battlegrounds","1","FLAG","Reviewed with the user 2026-10-05: Battle for Azeroth's weekly PvP conquest rewards, a system Shadowlands replaced. Wowhead lists 54079 as obsolete, and Blizzard's API knows none of the 106 quests of this name"
"53359","Wartime Donations: Steelskin Potion","Warfronts","","KEEP","Reviewed with the user 2026-10-05: Wowhead shows no ""no longer available"" notice for any of the 8 sampled (52792, 52929, 53368, 54329, 54330, 54396, 52928, 53365); not checked in game, so it stays shown"
"53360","Arathi Donations: Steelskin Potion","Warfronts","","KEEP","Reviewed with the user 2026-10-05: Wowhead shows no ""no longer available"" notice for any of the 8 sampled (52792, 52929, 53368, 54329, 54330, 54396, 52928, 53365); not checked in game, so it stays shown"
"53361","Arathi Donations: Meaty Haunch","Warfronts","","KEEP","Reviewed with the user 2026-10-05: Wowhead shows no ""no longer available"" notice for any of the 8 sampled (52792, 52929, 53368, 54329, 54330, 54396, 52928, 53365); not checked in game, so it stays shown"
"53362","Wartime Donations: Meaty Haunch","Warfronts","","KEEP","Reviewed with the user 2026-10-05: Wowhead shows no ""no longer available"" notice for any of the 8 sampled (52792, 52929, 53368, 54329, 54330, 54396, 52928, 53365); not checked in game, so it stays shown"
"53363","Arathi Donations: Drums of the Maelstrom","Warfronts","","KEEP","Reviewed with the user 2026-10-05: Wowhead shows no ""no longer available"" notice for any of the 8 sampled (52792, 52929, 53368, 54329, 54330, 54396, 52928, 53365); not checked in game, so it stays shown"
"53364","Wartime Donations: Drums of the Maelstrom","Warfronts","","KEEP","Reviewed with the user 2026-10-05: Wowhead shows no ""no longer available"" notice for any of the 8 sampled (52792, 52929, 53368, 54329, 54330, 54396, 52928, 53365); not checked in game, so it stays shown"
"53365","Wartime Donations: Battle Flag: Rallying Swiftness","Warfronts","","KEEP","Reviewed with the user 2026-10-05: Wowhead shows no ""no longer available"" notice for any of the 8 sampled (52792, 52929, 53368, 54329, 54330, 54396, 52928, 53365); not checked in game, so it stays shown"
"53366","Arathi Donations: Battle Flag: Rallying Swiftness","Warfronts","","KEEP","Reviewed with the user 2026-10-05: Wowhead shows no ""no longer available"" notice for any of the 8 sampled (52792, 52929, 53368, 54329, 54330, 54396, 52928, 53365); not checked in game, so it stays shown"
"53368","Arathi Donations: Organic Discombobulation Grenade","Warfronts","","KEEP","Reviewed with the user 2026-10-05: Wowhead shows no ""no longer available"" notice for any of the 8 sampled (52792, 52929, 53368, 54329, 54330, 54396, 52928, 53365); not checked in game, so it stays shown"
"53478","Conquest's Reward","Battlegrounds","1","FLAG","Reviewed with the user 2026-10-05: Battle for Azeroth's weekly PvP conquest rewards, a system Shadowlands replaced. Wowhead lists 54079 as obsolete, and Blizzard's API knows none of the 106 quests of this name"
"53479","Conquest's Reward","Battlegrounds","1","FLAG","Reviewed with the user 2026-10-05: Battle for Azeroth's weekly PvP conquest rewards, a system Shadowlands replaced. Wowhead lists 54079 as obsolete, and Blizzard's API knows none of the 106 quests of this name"
"53480","Conquest's Reward","Battlegrounds","1","FLAG","Reviewed with the user 2026-10-05: Battle for Azeroth's weekly PvP conquest rewards, a system Shadowlands replaced. Wowhead lists 54079 as obsolete, and Blizzard's API knows none of the 106 quests of this name"
"53481","Conquest's Reward","Battlegrounds","1","FLAG","Reviewed with the user 2026-10-05: Battle for Azeroth's weekly PvP conquest rewards, a system Shadowlands replaced. Wowhead lists 54079 as obsolete, and Blizzard's API knows none of the 106 quests of this name"
"53482","Conquest's Reward","Battlegrounds","1","FLAG","Reviewed with the user 2026-10-05: Battle for Azeroth's weekly PvP conquest rewards, a system Shadowlands replaced. Wowhead lists 54079 as obsolete, and Blizzard's API knows none of the 106 quests of this name"
"53483","Conquest's Reward","Battlegrounds","1","FLAG","Reviewed with the user 2026-10-05: Battle for Azeroth's weekly PvP conquest rewards, a system Shadowlands replaced. Wowhead lists 54079 as obsolete, and Blizzard's API knows none of the 106 quests of this name"
"53484","Conquest's Reward","Battlegrounds","1","FLAG","Reviewed with the user 2026-10-05: Battle for Azeroth's weekly PvP conquest rewards, a system Shadowlands replaced. Wowhead lists 54079 as obsolete, and Blizzard's API knows none of the 106 quests of this name"
"53485","Conquest's Reward","Battlegrounds","1","FLAG","Reviewed with the user 2026-10-05: Battle for Azeroth's weekly PvP conquest rewards, a system Shadowlands replaced. Wowhead lists 54079 as obsolete, and Blizzard's API knows none of the 106 quests of this name"
"53486","Conquest's Reward","Battlegrounds","1","FLAG","Reviewed with the user 2026-10-05: Battle for Azeroth's weekly PvP conquest rewards, a system Shadowlands replaced. Wowhead lists 54079 as obsolete, and Blizzard's API knows none of the 106 quests of this name"
"53487","Conquest's Reward","Battlegrounds","1","FLAG","Reviewed with the user 2026-10-05: Battle for Azeroth's weekly PvP conquest rewards, a system Shadowlands replaced. Wowhead lists 54079 as obsolete, and Blizzard's API knows none of the 106 quests of this name"
"53488","Conquest's Reward","Battlegrounds","1","FLAG","Reviewed with the user 2026-10-05: Battle for Azeroth's weekly PvP conquest rewards, a system Shadowlands replaced. Wowhead lists 54079 as obsolete, and Blizzard's API knows none of the 106 quests of this name"
"53489","Conquest's Reward","Battlegrounds","1","FLAG","Reviewed with the user 2026-10-05: Battle for Azeroth's weekly PvP conquest rewards, a system Shadowlands replaced. Wowhead lists 54079 as obsolete, and Blizzard's API knows none of the 106 quests of this name"
"53490","Conquest's Reward","Battlegrounds","1","FLAG","Reviewed with the user 2026-10-05: Battle for Azeroth's weekly PvP conquest rewards, a system Shadowlands replaced. Wowhead lists 54079 as obsolete, and Blizzard's API knows none of the 106 quests of this name"
"53491","Conquest's Reward","Battlegrounds","1","FLAG","Reviewed with the user 2026-10-05: Battle for Azeroth's weekly PvP conquest rewards, a system Shadowlands replaced. Wowhead lists 54079 as obsolete, and Blizzard's API knows none of the 106 quests of this name"
"53492","Conquest's Reward","Battlegrounds","1","FLAG","Reviewed with the user 2026-10-05: Battle for Azeroth's weekly PvP conquest rewards, a system Shadowlands replaced. Wowhead lists 54079 as obsolete, and Blizzard's API knows none of the 106 quests of this name"
"53493","Conquest's Reward","Battlegrounds","1","FLAG","Reviewed with the user 2026-10-05: Battle for Azeroth's weekly PvP conquest rewards, a system Shadowlands replaced. Wowhead lists 54079 as obsolete, and Blizzard's API knows none of the 106 quests of this name"
"53494","Conquest's Reward","Battlegrounds","1","FLAG","Reviewed with the user 2026-10-05: Battle for Azeroth's weekly PvP conquest rewards, a system Shadowlands replaced. Wowhead lists 54079 as obsolete, and Blizzard's API knows none of the 106 quests of this name"
"53495","Conquest's Reward","Battlegrounds","1","FLAG","Reviewed with the user 2026-10-05: Battle for Azeroth's weekly PvP conquest rewards, a system Shadowlands replaced. Wowhead lists 54079 as obsolete, and Blizzard's API knows none of the 106 quests of this name"
"53496","Conquest's Reward","Battlegrounds","1","FLAG","Reviewed with the user 2026-10-05: Battle for Azeroth's weekly PvP conquest rewards, a system Shadowlands replaced. Wowhead lists 54079 as obsolete, and Blizzard's API knows none of the 106 quests of this name"
"53982","Supplies From the Unshackled","Nazjatar","","KEEP","Flagged in phase 1 for being missing from QuestV2. Reviewed with the user 2026-10-05: unflagged, because QuestV2 never lists repeatable quests (none of the 500 the API flags repeatable) and the server still knows this one (the type probe loaded it)"
"54061","Conquest's Reward","Rated PvP","1","FLAG","Reviewed with the user 2026-10-05: Battle for Azeroth's weekly PvP conquest rewards, a system Shadowlands replaced. Wowhead lists 54079 as obsolete, and Blizzard's API knows none of the 106 quests of this name"
"54062","Conquest's Reward","Rated PvP","1","FLAG","Reviewed with the user 2026-10-05: Battle for Azeroth's weekly PvP conquest rewards, a system Shadowlands replaced. Wowhead lists 54079 as obsolete, and Blizzard's API knows none of the 106 quests of this name"
"54063","Conquest's Reward","Rated PvP","1","FLAG","Reviewed with the user 2026-10-05: Battle for Azeroth's weekly PvP conquest rewards, a system Shadowlands replaced. Wowhead lists 54079 as obsolete, and Blizzard's API knows none of the 106 quests of this name"
"54064","Conquest's Reward","Rated PvP","1","FLAG","Reviewed with the user 2026-10-05: Battle for Azeroth's weekly PvP conquest rewards, a system Shadowlands replaced. Wowhead lists 54079 as obsolete, and Blizzard's API knows none of the 106 quests of this name"
"54065","Conquest's Reward","Rated PvP","1","FLAG","Reviewed with the user 2026-10-05: Battle for Azeroth's weekly PvP conquest rewards, a system Shadowlands replaced. Wowhead lists 54079 as obsolete, and Blizzard's API knows none of the 106 quests of this name"
"54066","Conquest's Reward","Rated PvP","1","FLAG","Reviewed with the user 2026-10-05: Battle for Azeroth's weekly PvP conquest rewards, a system Shadowlands replaced. Wowhead lists 54079 as obsolete, and Blizzard's API knows none of the 106 quests of this name"
"54067","Conquest's Reward","Rated PvP","1","FLAG","Reviewed with the user 2026-10-05: Battle for Azeroth's weekly PvP conquest rewards, a system Shadowlands replaced. Wowhead lists 54079 as obsolete, and Blizzard's API knows none of the 106 quests of this name"
"54068","Conquest's Reward","Rated PvP","1","FLAG","Reviewed with the user 2026-10-05: Battle for Azeroth's weekly PvP conquest rewards, a system Shadowlands replaced. Wowhead lists 54079 as obsolete, and Blizzard's API knows none of the 106 quests of this name"
"54069","Conquest's Reward","Rated PvP","1","FLAG","Reviewed with the user 2026-10-05: Battle for Azeroth's weekly PvP conquest rewards, a system Shadowlands replaced. Wowhead lists 54079 as obsolete, and Blizzard's API knows none of the 106 quests of this name"
"54070","Conquest's Reward","Rated PvP","1","FLAG","Reviewed with the user 2026-10-05: Battle for Azeroth's weekly PvP conquest rewards, a system Shadowlands replaced. Wowhead lists 54079 as obsolete, and Blizzard's API knows none of the 106 quests of this name"
"54071","Conquest's Reward","Rated PvP","1","FLAG","Reviewed with the user 2026-10-05: Battle for Azeroth's weekly PvP conquest rewards, a system Shadowlands replaced. Wowhead lists 54079 as obsolete, and Blizzard's API knows none of the 106 quests of this name"
"54072","Conquest's Reward","Rated PvP","1","FLAG","Reviewed with the user 2026-10-05: Battle for Azeroth's weekly PvP conquest rewards, a system Shadowlands replaced. Wowhead lists 54079 as obsolete, and Blizzard's API knows none of the 106 quests of this name"
"54073","Conquest's Reward","Rated PvP","1","FLAG","Reviewed with the user 2026-10-05: Battle for Azeroth's weekly PvP conquest rewards, a system Shadowlands replaced. Wowhead lists 54079 as obsolete, and Blizzard's API knows none of the 106 quests of this name"
"54074","Conquest's Reward","Rated PvP","1","FLAG","Reviewed with the user 2026-10-05: Battle for Azeroth's weekly PvP conquest rewards, a system Shadowlands replaced. Wowhead lists 54079 as obsolete, and Blizzard's API knows none of the 106 quests of this name"
"54075","Conquest's Reward","Rated PvP","1","FLAG","Reviewed with the user 2026-10-05: Battle for Azeroth's weekly PvP conquest rewards, a system Shadowlands replaced. Wowhead lists 54079 as obsolete, and Blizzard's API knows none of the 106 quests of this name"
"54076","Conquest's Reward","Rated PvP","1","FLAG","Reviewed with the user 2026-10-05: Battle for Azeroth's weekly PvP conquest rewards, a system Shadowlands replaced. Wowhead lists 54079 as obsolete, and Blizzard's API knows none of the 106 quests of this name"
"54077","Conquest's Reward","Rated PvP","1","FLAG","Reviewed with the user 2026-10-05: Battle for Azeroth's weekly PvP conquest rewards, a system Shadowlands replaced. Wowhead lists 54079 as obsolete, and Blizzard's API knows none of the 106 quests of this name"
"54078","Conquest's Reward","Rated PvP","1","FLAG","Reviewed with the user 2026-10-05: Battle for Azeroth's weekly PvP conquest rewards, a system Shadowlands replaced. Wowhead lists 54079 as obsolete, and Blizzard's API knows none of the 106 quests of this name"
"54079","Conquest's Reward","Rated PvP","1","FLAG","Reviewed with the user 2026-10-05: Battle for Azeroth's weekly PvP conquest rewards, a system Shadowlands replaced. Wowhead lists 54079 as obsolete, and Blizzard's API knows none of the 106 quests of this name"
"54080","Conquest's Reward","Rated PvP","1","FLAG","Reviewed with the user 2026-10-05: Battle for Azeroth's weekly PvP conquest rewards, a system Shadowlands replaced. Wowhead lists 54079 as obsolete, and Blizzard's API knows none of the 106 quests of this name"
"54180","Quest","Weekly PvP Conquest","1","FLAG","Reviewed with the user 2026-10-05: an internal or test entry ([DNT], placeholder or test name), not a player quest. In the client's QuestV2, but Blizzard API 404; no quest-giver point, pin, quest line, achievement criterion or prerequisite"
"54329","Darkshore Donations: War Resources","Warfronts","","KEEP","Reviewed with the user 2026-10-05: Wowhead shows no ""no longer available"" notice for any of the 8 sampled (52792, 52929, 53368, 54329, 54330, 54396, 52928, 53365); not checked in game, so it stays shown"
"54330","Darkshore Donations: Platinum Ore","Zuldazar","","KEEP","Reviewed with the user 2026-10-05: Wowhead shows no ""no longer available"" notice for any of the 8 sampled (52792, 52929, 53368, 54329, 54330, 54396, 52928, 53365); not checked in game, so it stays shown"
"54331","Darkshore Donations: Winter's Kiss","Warfronts","","KEEP","Reviewed with the user 2026-10-05: Wowhead shows no ""no longer available"" notice for any of the 8 sampled (52792, 52929, 53368, 54329, 54330, 54396, 52928, 53365); not checked in game, so it stays shown"
"54332","Darkshore Donations: Star Moss","Warfronts","","KEEP","Reviewed with the user 2026-10-05: Wowhead shows no ""no longer available"" notice for any of the 8 sampled (52792, 52929, 53368, 54329, 54330, 54396, 52928, 53365); not checked in game, so it stays shown"
"54333","Darkshore Donations: Storm Silver Ore","Warfronts","","KEEP","Reviewed with the user 2026-10-05: Wowhead shows no ""no longer available"" notice for any of the 8 sampled (52792, 52929, 53368, 54329, 54330, 54396, 52928, 53365); not checked in game, so it stays shown"
"54334","Darkshore Donations: Electroshock Mount Motivator","Zuldazar","","KEEP","Reviewed with the user 2026-10-05: Wowhead shows no ""no longer available"" notice for any of the 8 sampled (52792, 52929, 53368, 54329, 54330, 54396, 52928, 53365); not checked in game, so it stays shown"
"54335","Darkshore Donations: Unstable Temporal Time Shifter","Warfronts","","KEEP","Reviewed with the user 2026-10-05: Wowhead shows no ""no longer available"" notice for any of the 8 sampled (52792, 52929, 53368, 54329, 54330, 54396, 52928, 53365); not checked in game, so it stays shown"
"54336","Darkshore Donations: XA-1000 Surface Skimmer","Warfronts","","KEEP","Reviewed with the user 2026-10-05: Wowhead shows no ""no longer available"" notice for any of the 8 sampled (52792, 52929, 53368, 54329, 54330, 54396, 52928, 53365); not checked in game, so it stays shown"
"54337","Darkshore Donations: Umbra Shard","Zuldazar","","KEEP","Reviewed with the user 2026-10-05: Wowhead shows no ""no longer available"" notice for any of the 8 sampled (52792, 52929, 53368, 54329, 54330, 54396, 52928, 53365); not checked in game, so it stays shown"
"54338","Darkshore Donations: Thermo-Accelerated Plague Spreader","Zuldazar","","KEEP","Reviewed with the user 2026-10-05: Wowhead shows no ""no longer available"" notice for any of the 8 sampled (52792, 52929, 53368, 54329, 54330, 54396, 52928, 53365); not checked in game, so it stays shown"
"54340","Darkshore Donations: Enchant Ring - Seal of Haste","Warfronts","","KEEP","Reviewed with the user 2026-10-05: Wowhead shows no ""no longer available"" notice for any of the 8 sampled (52792, 52929, 53368, 54329, 54330, 54396, 52928, 53365); not checked in game, so it stays shown"
"54341","Darkshore Donations: Enchant Ring - Seal of Mastery","Warfronts","","KEEP","Reviewed with the user 2026-10-05: Wowhead shows no ""no longer available"" notice for any of the 8 sampled (52792, 52929, 53368, 54329, 54330, 54396, 52928, 53365); not checked in game, so it stays shown"
"54342","Darkshore Donations: Potion of Bursting Blood","Warfronts","","KEEP","Reviewed with the user 2026-10-05: Wowhead shows no ""no longer available"" notice for any of the 8 sampled (52792, 52929, 53368, 54329, 54330, 54396, 52928, 53365); not checked in game, so it stays shown"
"54343","Darkshore Donations: Potion of Replenishment","Warfronts","","KEEP","Reviewed with the user 2026-10-05: Wowhead shows no ""no longer available"" notice for any of the 8 sampled (52792, 52929, 53368, 54329, 54330, 54396, 52928, 53365); not checked in game, so it stays shown"
"54344","Darkshore Donations: Crimson Ink","Warfronts","","KEEP","Reviewed with the user 2026-10-05: Wowhead shows no ""no longer available"" notice for any of the 8 sampled (52792, 52929, 53368, 54329, 54330, 54396, 52928, 53365); not checked in game, so it stays shown"
"54345","Darkshore Donations: Contract: The Honorbound","Warfronts","","KEEP","Reviewed with the user 2026-10-05: Wowhead shows no ""no longer available"" notice for any of the 8 sampled (52792, 52929, 53368, 54329, 54330, 54396, 52928, 53365); not checked in game, so it stays shown"
"54346","Darkshore Donations: Gold","Warfronts","","KEEP","Reviewed with the user 2026-10-05: Wowhead shows no ""no longer available"" notice for any of the 8 sampled (52792, 52929, 53368, 54329, 54330, 54396, 52928, 53365); not checked in game, so it stays shown"
"54347","Darkshore Donations: Ultramarine Ink","Warfronts","","KEEP","Reviewed with the user 2026-10-05: Wowhead shows no ""no longer available"" notice for any of the 8 sampled (52792, 52929, 53368, 54329, 54330, 54396, 52928, 53365); not checked in game, so it stays shown"
"54348","Darkshore Donations: Deep Sea Satin","Warfronts","","KEEP","Reviewed with the user 2026-10-05: Wowhead shows no ""no longer available"" notice for any of the 8 sampled (52792, 52929, 53368, 54329, 54330, 54396, 52928, 53365); not checked in game, so it stays shown"
"54349","Darkshore Donations: Tidespray Linen Bandage","Warfronts","","KEEP","Reviewed with the user 2026-10-05: Wowhead shows no ""no longer available"" notice for any of the 8 sampled (52792, 52929, 53368, 54329, 54330, 54396, 52928, 53365); not checked in game, so it stays shown"
"54350","Darkshore Donations: Tidespray Linen Net","Warfronts","","KEEP","Reviewed with the user 2026-10-05: Wowhead shows no ""no longer available"" notice for any of the 8 sampled (52792, 52929, 53368, 54329, 54330, 54396, 52928, 53365); not checked in game, so it stays shown"
"54351","Darkshore Donations: Deep Sea Bandage","Warfronts","","KEEP","Reviewed with the user 2026-10-05: Wowhead shows no ""no longer available"" notice for any of the 8 sampled (52792, 52929, 53368, 54329, 54330, 54396, 52928, 53365); not checked in game, so it stays shown"
"54352","Darkshore Donations: Shimmerscale Diving Suit","Warfronts","","KEEP","Reviewed with the user 2026-10-05: Wowhead shows no ""no longer available"" notice for any of the 8 sampled (52792, 52929, 53368, 54329, 54330, 54396, 52928, 53365); not checked in game, so it stays shown"
"54353","Darkshore Donations: Blood-Stained Bone","Warfronts","","KEEP","Reviewed with the user 2026-10-05: Wowhead shows no ""no longer available"" notice for any of the 8 sampled (52792, 52929, 53368, 54329, 54330, 54396, 52928, 53365); not checked in game, so it stays shown"
"54354","Darkshore Donations: Shimmerscale Diving Helmet","Warfronts","","KEEP","Reviewed with the user 2026-10-05: Wowhead shows no ""no longer available"" notice for any of the 8 sampled (52792, 52929, 53368, 54329, 54330, 54396, 52928, 53365); not checked in game, so it stays shown"
"54355","Darkshore Donations: Mistscale","Warfronts","","KEEP","Reviewed with the user 2026-10-05: Wowhead shows no ""no longer available"" notice for any of the 8 sampled (52792, 52929, 53368, 54329, 54330, 54396, 52928, 53365); not checked in game, so it stays shown"
"54356","Darkshore Donations: Quick Golden Beryl","Warfronts","","KEEP","Reviewed with the user 2026-10-05: Wowhead shows no ""no longer available"" notice for any of the 8 sampled (52792, 52929, 53368, 54329, 54330, 54396, 52928, 53365); not checked in game, so it stays shown"
"54357","Darkshore Donations: Masterful Kubiline","Warfronts","","KEEP","Reviewed with the user 2026-10-05: Wowhead shows no ""no longer available"" notice for any of the 8 sampled (52792, 52929, 53368, 54329, 54330, 54396, 52928, 53365); not checked in game, so it stays shown"
"54359","Darkshore Donations: Sand Shifter","Warfronts","","KEEP","Reviewed with the user 2026-10-05: Wowhead shows no ""no longer available"" notice for any of the 8 sampled (52792, 52929, 53368, 54329, 54330, 54396, 52928, 53365); not checked in game, so it stays shown"
"54361","Darkshore Donations: Wild Berry Bread","Warfronts","","KEEP","Reviewed with the user 2026-10-05: Wowhead shows no ""no longer available"" notice for any of the 8 sampled (52792, 52929, 53368, 54329, 54330, 54396, 52928, 53365); not checked in game, so it stays shown"
"54362","Darkshore Donations: Seasoned Steak and Potatoes","Zuldazar","","KEEP","Reviewed with the user 2026-10-05: Wowhead shows no ""no longer available"" notice for any of the 8 sampled (52792, 52929, 53368, 54329, 54330, 54396, 52928, 53365); not checked in game, so it stays shown"
"54363","Darkshore Donations: War Resources","Warfronts","","KEEP","Reviewed with the user 2026-10-05: Wowhead shows no ""no longer available"" notice for any of the 8 sampled (52792, 52929, 53368, 54329, 54330, 54396, 52928, 53365); not checked in game, so it stays shown"
"54364","Darkshore Donations: Star Moss","Warfronts","","KEEP","Reviewed with the user 2026-10-05: Wowhead shows no ""no longer available"" notice for any of the 8 sampled (52792, 52929, 53368, 54329, 54330, 54396, 52928, 53365); not checked in game, so it stays shown"
"54365","Darkshore Donations: Storm Silver Ore","Warfronts","","KEEP","Reviewed with the user 2026-10-05: Wowhead shows no ""no longer available"" notice for any of the 8 sampled (52792, 52929, 53368, 54329, 54330, 54396, 52928, 53365); not checked in game, so it stays shown"
"54366","Darkshore Donations: Winter's Kiss","Warfronts","","KEEP","Reviewed with the user 2026-10-05: Wowhead shows no ""no longer available"" notice for any of the 8 sampled (52792, 52929, 53368, 54329, 54330, 54396, 52928, 53365); not checked in game, so it stays shown"
"54367","Darkshore Donations: Platinum Ore","Warfronts","","KEEP","Reviewed with the user 2026-10-05: Wowhead shows no ""no longer available"" notice for any of the 8 sampled (52792, 52929, 53368, 54329, 54330, 54396, 52928, 53365); not checked in game, so it stays shown"
"54368","Darkshore Donations: Unstable Temporal Time Shifter","Warfronts","","KEEP","Reviewed with the user 2026-10-05: Wowhead shows no ""no longer available"" notice for any of the 8 sampled (52792, 52929, 53368, 54329, 54330, 54396, 52928, 53365); not checked in game, so it stays shown"
"54369","Darkshore Donations: Electroshock Mount Motivator","Warfronts","","KEEP","Reviewed with the user 2026-10-05: Wowhead shows no ""no longer available"" notice for any of the 8 sampled (52792, 52929, 53368, 54329, 54330, 54396, 52928, 53365); not checked in game, so it stays shown"
"54370","Darkshore Donations: XA-1000 Surface Skimmer","Warfronts","","KEEP","Reviewed with the user 2026-10-05: Wowhead shows no ""no longer available"" notice for any of the 8 sampled (52792, 52929, 53368, 54329, 54330, 54396, 52928, 53365); not checked in game, so it stays shown"
"54371","Darkshore Donations: Thermo-Accelerated Plague Spreader","Warfronts","","KEEP","Reviewed with the user 2026-10-05: Wowhead shows no ""no longer available"" notice for any of the 8 sampled (52792, 52929, 53368, 54329, 54330, 54396, 52928, 53365); not checked in game, so it stays shown"
"54372","Darkshore Donations: Umbra Shard","Warfronts","","KEEP","Reviewed with the user 2026-10-05: Wowhead shows no ""no longer available"" notice for any of the 8 sampled (52792, 52929, 53368, 54329, 54330, 54396, 52928, 53365); not checked in game, so it stays shown"
"54373","Darkshore Donations: Enchant Ring - Seal of Haste","Warfronts","","KEEP","Reviewed with the user 2026-10-05: Wowhead shows no ""no longer available"" notice for any of the 8 sampled (52792, 52929, 53368, 54329, 54330, 54396, 52928, 53365); not checked in game, so it stays shown"
"54374","Darkshore Donations: Potion of Rising Death","Warfronts","","KEEP","Reviewed with the user 2026-10-05: Wowhead shows no ""no longer available"" notice for any of the 8 sampled (52792, 52929, 53368, 54329, 54330, 54396, 52928, 53365); not checked in game, so it stays shown"
"54375","Darkshore Donations: Enchant Ring - Seal of Mastery","Warfronts","","KEEP","Reviewed with the user 2026-10-05: Wowhead shows no ""no longer available"" notice for any of the 8 sampled (52792, 52929, 53368, 54329, 54330, 54396, 52928, 53365); not checked in game, so it stays shown"
"54376","Darkshore Donations: Potion of Replenishment","Warfronts","","KEEP","Reviewed with the user 2026-10-05: Wowhead shows no ""no longer available"" notice for any of the 8 sampled (52792, 52929, 53368, 54329, 54330, 54396, 52928, 53365); not checked in game, so it stays shown"
"54377","Darkshore Donations: Crimson Ink","Warfronts","","KEEP","Reviewed with the user 2026-10-05: Wowhead shows no ""no longer available"" notice for any of the 8 sampled (52792, 52929, 53368, 54329, 54330, 54396, 52928, 53365); not checked in game, so it stays shown"
"54378","Darkshore Donations: Potion of Bursting Blood","Warfronts","","KEEP","Reviewed with the user 2026-10-05: Wowhead shows no ""no longer available"" notice for any of the 8 sampled (52792, 52929, 53368, 54329, 54330, 54396, 52928, 53365); not checked in game, so it stays shown"
"54379","Darkshore Donations: Contract: 7th Legion","Warfronts","","KEEP","Reviewed with the user 2026-10-05: Wowhead shows no ""no longer available"" notice for any of the 8 sampled (52792, 52929, 53368, 54329, 54330, 54396, 52928, 53365); not checked in game, so it stays shown"
"54380","Darkshore Donations: Gold","Warfronts","","KEEP","Reviewed with the user 2026-10-05: Wowhead shows no ""no longer available"" notice for any of the 8 sampled (52792, 52929, 53368, 54329, 54330, 54396, 52928, 53365); not checked in game, so it stays shown"
"54381","Darkshore Donations: Ultramarine Ink","Warfronts","","KEEP","Reviewed with the user 2026-10-05: Wowhead shows no ""no longer available"" notice for any of the 8 sampled (52792, 52929, 53368, 54329, 54330, 54396, 52928, 53365); not checked in game, so it stays shown"
"54382","Darkshore Donations: Deep Sea Satin","Warfronts","","KEEP","Reviewed with the user 2026-10-05: Wowhead shows no ""no longer available"" notice for any of the 8 sampled (52792, 52929, 53368, 54329, 54330, 54396, 52928, 53365); not checked in game, so it stays shown"
"54383","Darkshore Donations: Shimmerscale Diving Suit","Warfronts","","KEEP","Reviewed with the user 2026-10-05: Wowhead shows no ""no longer available"" notice for any of the 8 sampled (52792, 52929, 53368, 54329, 54330, 54396, 52928, 53365); not checked in game, so it stays shown"
"54384","Darkshore Donations: Tidespray Linen Net","Warfronts","","KEEP","Reviewed with the user 2026-10-05: Wowhead shows no ""no longer available"" notice for any of the 8 sampled (52792, 52929, 53368, 54329, 54330, 54396, 52928, 53365); not checked in game, so it stays shown"
"54385","Darkshore Donations: Tidespray Linen Bandage","Warfronts","","KEEP","Reviewed with the user 2026-10-05: Wowhead shows no ""no longer available"" notice for any of the 8 sampled (52792, 52929, 53368, 54329, 54330, 54396, 52928, 53365); not checked in game, so it stays shown"
"54387","Darkshore Donations: Blood-Stained Bone","Warfronts","","KEEP","Reviewed with the user 2026-10-05: Wowhead shows no ""no longer available"" notice for any of the 8 sampled (52792, 52929, 53368, 54329, 54330, 54396, 52928, 53365); not checked in game, so it stays shown"
"54388","Darkshore Donations: Shimmerscale Diving Helmet","Warfronts","","KEEP","Reviewed with the user 2026-10-05: Wowhead shows no ""no longer available"" notice for any of the 8 sampled (52792, 52929, 53368, 54329, 54330, 54396, 52928, 53365); not checked in game, so it stays shown"
"54389","Darkshore Donations: Mistscale","Warfronts","","KEEP","Reviewed with the user 2026-10-05: Wowhead shows no ""no longer available"" notice for any of the 8 sampled (52792, 52929, 53368, 54329, 54330, 54396, 52928, 53365); not checked in game, so it stays shown"
"54390","Darkshore Donations: Masterful Kubiline","Warfronts","","KEEP","Reviewed with the user 2026-10-05: Wowhead shows no ""no longer available"" notice for any of the 8 sampled (52792, 52929, 53368, 54329, 54330, 54396, 52928, 53365); not checked in game, so it stays shown"
"54391","Darkshore Donations: Quick Golden Beryl","Warfronts","","KEEP","Reviewed with the user 2026-10-05: Wowhead shows no ""no longer available"" notice for any of the 8 sampled (52792, 52929, 53368, 54329, 54330, 54396, 52928, 53365); not checked in game, so it stays shown"
"54392","Darkshore Donations: Sand Shifter","Warfronts","","KEEP","Reviewed with the user 2026-10-05: Wowhead shows no ""no longer available"" notice for any of the 8 sampled (52792, 52929, 53368, 54329, 54330, 54396, 52928, 53365); not checked in game, so it stays shown"
"54393","Darkshore Donations: Scarlet Diamond","Warfronts","","KEEP","Reviewed with the user 2026-10-05: Wowhead shows no ""no longer available"" notice for any of the 8 sampled (52792, 52929, 53368, 54329, 54330, 54396, 52928, 53365); not checked in game, so it stays shown"
"54394","Darkshore Donations: Stringy Loins","Warfronts","","KEEP","Reviewed with the user 2026-10-05: Wowhead shows no ""no longer available"" notice for any of the 8 sampled (52792, 52929, 53368, 54329, 54330, 54396, 52928, 53365); not checked in game, so it stays shown"
"54395","Darkshore Donations: Seasoned Steak and Potatoes","Warfronts","","KEEP","Reviewed with the user 2026-10-05: Wowhead shows no ""no longer available"" notice for any of the 8 sampled (52792, 52929, 53368, 54329, 54330, 54396, 52928, 53365); not checked in game, so it stays shown"
"54396","Darkshore Donations: Wild Berry Bread","Warfronts","","KEEP","Reviewed with the user 2026-10-05: Wowhead shows no ""no longer available"" notice for any of the 8 sampled (52792, 52929, 53368, 54329, 54330, 54396, 52928, 53365); not checked in game, so it stays shown"
"54451","Baubles from the Seekers","Stormsong Valley","","KEEP","Flagged in phase 1 for being missing from QuestV2. Reviewed with the user 2026-10-05: unflagged, because QuestV2 never lists repeatable quests (none of the 500 the API flags repeatable) and the server still knows this one (the type probe loaded it)"
"54453","Supplies from Magni","Silithus: The Wound","","KEEP","Flagged in phase 1 for being missing from QuestV2. Reviewed with the user 2026-10-05: unflagged, because QuestV2 never lists repeatable quests (none of the 500 the API flags repeatable) and the server still knows this one (the type probe loaded it)"
"54454","Supplies from the 7th Legion","Tiragarde Sound","","KEEP","Flagged in phase 1 for being missing from QuestV2. Reviewed with the user 2026-10-05: unflagged, because QuestV2 never lists repeatable quests (none of the 500 the API flags repeatable) and the server still knows this one (the type probe loaded it)"
"54455","Supplies from the Honorbound","Zuldazar","","KEEP","Flagged in phase 1 for being missing from QuestV2. Reviewed with the user 2026-10-05: unflagged, because QuestV2 never lists repeatable quests (none of the 500 the API flags repeatable) and the server still knows this one (the type probe loaded it)"
"54456","Supplies from the Order of Embers","Drustvar","","KEEP","Flagged in phase 1 for being missing from QuestV2. Reviewed with the user 2026-10-05: unflagged, because QuestV2 never lists repeatable quests (none of the 500 the API flags repeatable) and the server still knows this one (the type probe loaded it)"
"54457","Supplies from Storm's Wake","Stormsong Valley","","KEEP","Flagged in phase 1 for being missing from QuestV2. Reviewed with the user 2026-10-05: unflagged, because QuestV2 never lists repeatable quests (none of the 500 the API flags repeatable) and the server still knows this one (the type probe loaded it)"
"54458","Supplies from the Proudmoore Admiralty","Tiragarde Sound","","KEEP","Flagged in phase 1 for being missing from QuestV2. Reviewed with the user 2026-10-05: unflagged, because QuestV2 never lists repeatable quests (none of the 500 the API flags repeatable) and the server still knows this one (the type probe loaded it)"
"54460","Supplies from Talanji's Expedition","Nazmir","","KEEP","Flagged in phase 1 for being missing from QuestV2. Reviewed with the user 2026-10-05: unflagged, because QuestV2 never lists repeatable quests (none of the 500 the API flags repeatable) and the server still knows this one (the type probe loaded it)"
"54461","Supplies from the Voldunai","Vol'dun","","KEEP","Flagged in phase 1 for being missing from QuestV2. Reviewed with the user 2026-10-05: unflagged, because QuestV2 never lists repeatable quests (none of the 500 the API flags repeatable) and the server still knows this one (the type probe loaded it)"
"54462","Supplies from the Zandalari Empire","Zuldazar","","KEEP","Flagged in phase 1 for being missing from QuestV2. Reviewed with the user 2026-10-05: unflagged, because QuestV2 never lists repeatable quests (none of the 500 the API flags repeatable) and the server still knows this one (the type probe loaded it)"
"54483","Tailored Training","Tailoring","","KEEP","Reviewed with the user 2026-10-05: no evidence either way, so it stays shown (anything uncertain stays unflagged)"
"54897","Conquest's Reward","Rated PvP","1","FLAG","Reviewed with the user 2026-10-05: Battle for Azeroth's weekly PvP conquest rewards, a system Shadowlands replaced. Wowhead lists 54079 as obsolete, and Blizzard's API knows none of the 106 quests of this name"
"54898","Conquest's Reward","Rated PvP","1","FLAG","Reviewed with the user 2026-10-05: Battle for Azeroth's weekly PvP conquest rewards, a system Shadowlands replaced. Wowhead lists 54079 as obsolete, and Blizzard's API knows none of the 106 quests of this name"
"54899","Conquest's Reward","Rated PvP","1","FLAG","Reviewed with the user 2026-10-05: Battle for Azeroth's weekly PvP conquest rewards, a system Shadowlands replaced. Wowhead lists 54079 as obsolete, and Blizzard's API knows none of the 106 quests of this name"
"54900","Conquest's Reward","Rated PvP","1","FLAG","Reviewed with the user 2026-10-05: Battle for Azeroth's weekly PvP conquest rewards, a system Shadowlands replaced. Wowhead lists 54079 as obsolete, and Blizzard's API knows none of the 106 quests of this name"
"54901","Conquest's Reward","Rated PvP","1","FLAG","Reviewed with the user 2026-10-05: Battle for Azeroth's weekly PvP conquest rewards, a system Shadowlands replaced. Wowhead lists 54079 as obsolete, and Blizzard's API knows none of the 106 quests of this name"
"54902","Conquest's Reward","Rated PvP","1","FLAG","Reviewed with the user 2026-10-05: Battle for Azeroth's weekly PvP conquest rewards, a system Shadowlands replaced. Wowhead lists 54079 as obsolete, and Blizzard's API knows none of the 106 quests of this name"
"54903","Conquest's Reward","Rated PvP","1","FLAG","Reviewed with the user 2026-10-05: Battle for Azeroth's weekly PvP conquest rewards, a system Shadowlands replaced. Wowhead lists 54079 as obsolete, and Blizzard's API knows none of the 106 quests of this name"
"54904","Conquest's Reward","Rated PvP","1","FLAG","Reviewed with the user 2026-10-05: Battle for Azeroth's weekly PvP conquest rewards, a system Shadowlands replaced. Wowhead lists 54079 as obsolete, and Blizzard's API knows none of the 106 quests of this name"
"54905","Conquest's Reward","Rated PvP","1","FLAG","Reviewed with the user 2026-10-05: Battle for Azeroth's weekly PvP conquest rewards, a system Shadowlands replaced. Wowhead lists 54079 as obsolete, and Blizzard's API knows none of the 106 quests of this name"
"54906","Conquest's Reward","Rated PvP","1","FLAG","Reviewed with the user 2026-10-05: Battle for Azeroth's weekly PvP conquest rewards, a system Shadowlands replaced. Wowhead lists 54079 as obsolete, and Blizzard's API knows none of the 106 quests of this name"
"54941","Scouting The Strand","Nazjatar","","KEEP","Reviewed with the user 2026-10-05: no evidence either way, so it stays shown (anything uncertain stays unflagged)"
"55123","Hunting Season","Highmountain","","KEEP","Flagged in phase 1 for being missing from QuestV2. Reviewed with the user 2026-10-05: unflagged, because QuestV2 never lists repeatable quests (none of the 500 the API flags repeatable) and the server still knows this one (the type probe loaded it)"
"55125","Hunting Season","Highmountain","","KEEP","Flagged in phase 1 for being missing from QuestV2. Reviewed with the user 2026-10-05: unflagged, because QuestV2 never lists repeatable quests (none of the 500 the API flags repeatable) and the server still knows this one (the type probe loaded it)"
"55148","Reclamation Rig","Mechagon","2","FLAG","Not in QuestV2 or quest location data of retail 12.1.0.69933 or PTR 12.1.5.70077; Blizzard API 404; no pin, quest line, achievement criterion or prerequisite; unknown to the server too (the type probe couldn't load it)"
"55242","A Goblin in Need","Highmountain","","KEEP","Flagged in phase 1 for being missing from QuestV2. Reviewed with the user 2026-10-05: unflagged, because QuestV2 never lists repeatable quests (none of the 500 the API flags repeatable) and the server still knows this one (the type probe loaded it)"
"55348","Supplies from the Rustbolt Resistance","Mechagon","","KEEP","Flagged in phase 1 for being missing from QuestV2. Reviewed with the user 2026-10-05: unflagged, because QuestV2 never lists repeatable quests (none of the 500 the API flags repeatable) and the server still knows this one (the type probe loaded it)"
"55431","Conquest's Reward","Rated PvP","1","FLAG","Reviewed with the user 2026-10-05: Battle for Azeroth's weekly PvP conquest rewards, a system Shadowlands replaced. Wowhead lists 54079 as obsolete, and Blizzard's API knows none of the 106 quests of this name"
"55432","Conquest's Reward","Rated PvP","1","FLAG","Reviewed with the user 2026-10-05: Battle for Azeroth's weekly PvP conquest rewards, a system Shadowlands replaced. Wowhead lists 54079 as obsolete, and Blizzard's API knows none of the 106 quests of this name"
"55433","Conquest's Reward","Rated PvP","1","FLAG","Reviewed with the user 2026-10-05: Battle for Azeroth's weekly PvP conquest rewards, a system Shadowlands replaced. Wowhead lists 54079 as obsolete, and Blizzard's API knows none of the 106 quests of this name"
"55434","Conquest's Reward","Rated PvP","1","FLAG","Reviewed with the user 2026-10-05: Battle for Azeroth's weekly PvP conquest rewards, a system Shadowlands replaced. Wowhead lists 54079 as obsolete, and Blizzard's API knows none of the 106 quests of this name"
"55435","Conquest's Reward","Rated PvP","1","FLAG","Reviewed with the user 2026-10-05: Battle for Azeroth's weekly PvP conquest rewards, a system Shadowlands replaced. Wowhead lists 54079 as obsolete, and Blizzard's API knows none of the 106 quests of this name"
"55436","Conquest's Reward","Rated PvP","1","FLAG","Reviewed with the user 2026-10-05: Battle for Azeroth's weekly PvP conquest rewards, a system Shadowlands replaced. Wowhead lists 54079 as obsolete, and Blizzard's API knows none of the 106 quests of this name"
"55437","Conquest's Reward","Rated PvP","1","FLAG","Reviewed with the user 2026-10-05: Battle for Azeroth's weekly PvP conquest rewards, a system Shadowlands replaced. Wowhead lists 54079 as obsolete, and Blizzard's API knows none of the 106 quests of this name"
"55438","Conquest's Reward","Rated PvP","1","FLAG","Reviewed with the user 2026-10-05: Battle for Azeroth's weekly PvP conquest rewards, a system Shadowlands replaced. Wowhead lists 54079 as obsolete, and Blizzard's API knows none of the 106 quests of this name"
"55439","Conquest's Reward","Rated PvP","1","FLAG","Reviewed with the user 2026-10-05: Battle for Azeroth's weekly PvP conquest rewards, a system Shadowlands replaced. Wowhead lists 54079 as obsolete, and Blizzard's API knows none of the 106 quests of this name"
"55440","Conquest's Reward","Rated PvP","1","FLAG","Reviewed with the user 2026-10-05: Battle for Azeroth's weekly PvP conquest rewards, a system Shadowlands replaced. Wowhead lists 54079 as obsolete, and Blizzard's API knows none of the 106 quests of this name"
"55441","Conquest's Reward","Rated PvP","1","FLAG","Reviewed with the user 2026-10-05: Battle for Azeroth's weekly PvP conquest rewards, a system Shadowlands replaced. Wowhead lists 54079 as obsolete, and Blizzard's API knows none of the 106 quests of this name"
"55442","Conquest's Reward","Rated PvP","1","FLAG","Reviewed with the user 2026-10-05: Battle for Azeroth's weekly PvP conquest rewards, a system Shadowlands replaced. Wowhead lists 54079 as obsolete, and Blizzard's API knows none of the 106 quests of this name"
"55443","Conquest's Reward","Rated PvP","1","FLAG","Reviewed with the user 2026-10-05: Battle for Azeroth's weekly PvP conquest rewards, a system Shadowlands replaced. Wowhead lists 54079 as obsolete, and Blizzard's API knows none of the 106 quests of this name"
"55444","Conquest's Reward","Rated PvP","1","FLAG","Reviewed with the user 2026-10-05: Battle for Azeroth's weekly PvP conquest rewards, a system Shadowlands replaced. Wowhead lists 54079 as obsolete, and Blizzard's API knows none of the 106 quests of this name"
"55445","Conquest's Reward","Rated PvP","1","FLAG","Reviewed with the user 2026-10-05: Battle for Azeroth's weekly PvP conquest rewards, a system Shadowlands replaced. Wowhead lists 54079 as obsolete, and Blizzard's API knows none of the 106 quests of this name"
"55446","Conquest's Reward","Rated PvP","1","FLAG","Reviewed with the user 2026-10-05: Battle for Azeroth's weekly PvP conquest rewards, a system Shadowlands replaced. Wowhead lists 54079 as obsolete, and Blizzard's API knows none of the 106 quests of this name"
"55447","Conquest's Reward","Rated PvP","1","FLAG","Reviewed with the user 2026-10-05: Battle for Azeroth's weekly PvP conquest rewards, a system Shadowlands replaced. Wowhead lists 54079 as obsolete, and Blizzard's API knows none of the 106 quests of this name"
"55448","Conquest's Reward","Rated PvP","1","FLAG","Reviewed with the user 2026-10-05: Battle for Azeroth's weekly PvP conquest rewards, a system Shadowlands replaced. Wowhead lists 54079 as obsolete, and Blizzard's API knows none of the 106 quests of this name"
"55449","Conquest's Reward","Rated PvP","1","FLAG","Reviewed with the user 2026-10-05: Battle for Azeroth's weekly PvP conquest rewards, a system Shadowlands replaced. Wowhead lists 54079 as obsolete, and Blizzard's API knows none of the 106 quests of this name"
"55450","Conquest's Reward","Rated PvP","1","FLAG","Reviewed with the user 2026-10-05: Battle for Azeroth's weekly PvP conquest rewards, a system Shadowlands replaced. Wowhead lists 54079 as obsolete, and Blizzard's API knows none of the 106 quests of this name"
"55686","Upgrade Your Jetpack (Optional)","Highmountain","2","FLAG","Not in QuestV2 or quest location data of retail 12.1.0.69933 or PTR 12.1.5.70077; Blizzard API 404; no pin, quest line, achievement criterion or prerequisite; unknown to the server too (the type probe couldn't load it)"
"55687","Expedition GG-118 Micro-Jetpack","Highmountain","2","FLAG","Not in QuestV2 or quest location data of retail 12.1.0.69933 or PTR 12.1.5.70077; Blizzard API 404; no pin, quest line, achievement criterion or prerequisite; unknown to the server too (the type probe couldn't load it)"
"55712","Upgrade Your A.T.O.M.I.K. Mk. II (Optional)","Highmountain","2","FLAG","Not in QuestV2 or quest location data of retail 12.1.0.69933 or PTR 12.1.5.70077; Blizzard API 404; no pin, quest line, achievement criterion or prerequisite; unknown to the server too (the type probe couldn't load it)"
"55713","Expedition A.T.O.M.I.K. Mk. II","Highmountain","2","FLAG","Not in QuestV2 or quest location data of retail 12.1.0.69933 or PTR 12.1.5.70077; Blizzard API 404; no pin, quest line, achievement criterion or prerequisite; unknown to the server too (the type probe couldn't load it)"
"55849","Reclamation Rig","Mechagon","","KEEP","Reviewed with the user 2026-10-05: no evidence either way, so it stays shown (anything uncertain stays unflagged)"
"55976","Supplies From the Ankoans","Nazjatar","","KEEP","Flagged in phase 1 for being missing from QuestV2. Reviewed with the user 2026-10-05: unflagged, because QuestV2 never lists repeatable quests (none of the 500 the API flags repeatable) and the server still knows this one (the type probe loaded it)"
"56322","Contained Alemental","Brewfest","","KEEP","Reviewed with the user 2026-10-05: a holiday quest, offered while its holiday runs"
"56830","Summons from the Deep","Nazjatar","","KEEP","Reviewed with the user 2026-10-05: no evidence either way, so it stays shown (anything uncertain stays unflagged)"
"56877","An Extra Sticky Situation","Revendreth","","KEEP","Reviewed with the user 2026-10-05: no evidence either way, so it stays shown (anything uncertain stays unflagged)"
"57001","Valley of Honor","Vision of Orgrimmar","","KEEP","Flagged in phase 1 for being missing from QuestV2. Reviewed with the user 2026-10-05: unflagged, because QuestV2 never lists repeatable quests (none of the 500 the API flags repeatable) and the server still knows this one (the type probe loaded it)"
"57039","Valley of Spirits","","","KEEP","Flagged in phase 1 for being missing from QuestV2. Reviewed with the user 2026-10-05: unflagged, because QuestV2 never lists repeatable quests (none of the 500 the API flags repeatable) and the server still knows this one (the type probe loaded it)"
"57129","Valley of Wisdom","","","KEEP","Flagged in phase 1 for being missing from QuestV2. Reviewed with the user 2026-10-05: unflagged, because QuestV2 never lists repeatable quests (none of the 500 the API flags repeatable) and the server still knows this one (the type probe loaded it)"
"57153","Dwarven District","","","KEEP","Flagged in phase 1 for being missing from QuestV2. Reviewed with the user 2026-10-05: unflagged, because QuestV2 never lists repeatable quests (none of the 500 the API flags repeatable) and the server still knows this one (the type probe loaded it)"
"57216","Old Town","","","KEEP","Flagged in phase 1 for being missing from QuestV2. Reviewed with the user 2026-10-05: unflagged, because QuestV2 never lists repeatable quests (none of the 500 the API flags repeatable) and the server still knows this one (the type probe loaded it)"
"57271","Trade District","","","KEEP","Flagged in phase 1 for being missing from QuestV2. Reviewed with the user 2026-10-05: unflagged, because QuestV2 never lists repeatable quests (none of the 500 the API flags repeatable) and the server still knows this one (the type probe loaded it)"
"57282","Mage Quarter","","","KEEP","Flagged in phase 1 for being missing from QuestV2. Reviewed with the user 2026-10-05: unflagged, because QuestV2 never lists repeatable quests (none of the 500 the API flags repeatable) and the server still knows this one (the type probe loaded it)"
"57372","The Drag","Vision of Orgrimmar","","KEEP","Flagged in phase 1 for being missing from QuestV2. Reviewed with the user 2026-10-05: unflagged, because QuestV2 never lists repeatable quests (none of the 500 the API flags repeatable) and the server still knows this one (the type probe loaded it)"
"57562","Amathet Assault Tracker","Uldum","1","FLAG","Reviewed with the user 2026-10-05: a hidden tracking quest, never offered to players. In the client's QuestV2, but Blizzard API 404; no quest-giver point, pin, quest line, achievement criterion or prerequisite"
"57564","Mantid Assault Tracker","Vale of Eternal Blossoms","1","FLAG","Reviewed with the user 2026-10-05: a hidden tracking quest, never offered to players. In the client's QuestV2, but Blizzard API 404; no quest-giver point, pin, quest line, achievement criterion or prerequisite"
"57565","Aqir Assault Tracker","Uldum","1","FLAG","Reviewed with the user 2026-10-05: a hidden tracking quest, never offered to players. In the client's QuestV2, but Blizzard API 404; no quest-giver point, pin, quest line, achievement criterion or prerequisite"
"57567","N'Zoth Assault Tracker (Vale)","Vale of Eternal Blossoms","1","FLAG","Reviewed with the user 2026-10-05: a hidden tracking quest, never offered to players. In the client's QuestV2, but Blizzard API 404; no quest-giver point, pin, quest line, achievement criterion or prerequisite"
"57743","Conquest's Reward","Rated PvP","1","FLAG","Reviewed with the user 2026-10-05: Battle for Azeroth's weekly PvP conquest rewards, a system Shadowlands replaced. Wowhead lists 54079 as obsolete, and Blizzard's API knows none of the 106 quests of this name"
"57744","Conquest's Reward","Rated PvP","1","FLAG","Reviewed with the user 2026-10-05: Battle for Azeroth's weekly PvP conquest rewards, a system Shadowlands replaced. Wowhead lists 54079 as obsolete, and Blizzard's API knows none of the 106 quests of this name"
"57745","Conquest's Reward","Rated PvP","1","FLAG","Reviewed with the user 2026-10-05: Battle for Azeroth's weekly PvP conquest rewards, a system Shadowlands replaced. Wowhead lists 54079 as obsolete, and Blizzard's API knows none of the 106 quests of this name"
"57746","Conquest's Reward","Rated PvP","1","FLAG","Reviewed with the user 2026-10-05: Battle for Azeroth's weekly PvP conquest rewards, a system Shadowlands replaced. Wowhead lists 54079 as obsolete, and Blizzard's API knows none of the 106 quests of this name"
"57747","Conquest's Reward","Rated PvP","1","FLAG","Reviewed with the user 2026-10-05: Battle for Azeroth's weekly PvP conquest rewards, a system Shadowlands replaced. Wowhead lists 54079 as obsolete, and Blizzard's API knows none of the 106 quests of this name"
"57748","Conquest's Reward","Rated PvP","1","FLAG","Reviewed with the user 2026-10-05: Battle for Azeroth's weekly PvP conquest rewards, a system Shadowlands replaced. Wowhead lists 54079 as obsolete, and Blizzard's API knows none of the 106 quests of this name"
"57749","Conquest's Reward","Rated PvP","1","FLAG","Reviewed with the user 2026-10-05: Battle for Azeroth's weekly PvP conquest rewards, a system Shadowlands replaced. Wowhead lists 54079 as obsolete, and Blizzard's API knows none of the 106 quests of this name"
"57750","Conquest's Reward","Rated PvP","1","FLAG","Reviewed with the user 2026-10-05: Battle for Azeroth's weekly PvP conquest rewards, a system Shadowlands replaced. Wowhead lists 54079 as obsolete, and Blizzard's API knows none of the 106 quests of this name"
"57751","Conquest's Reward","Rated PvP","1","FLAG","Reviewed with the user 2026-10-05: Battle for Azeroth's weekly PvP conquest rewards, a system Shadowlands replaced. Wowhead lists 54079 as obsolete, and Blizzard's API knows none of the 106 quests of this name"
"57752","Conquest's Reward","Rated PvP","1","FLAG","Reviewed with the user 2026-10-05: Battle for Azeroth's weekly PvP conquest rewards, a system Shadowlands replaced. Wowhead lists 54079 as obsolete, and Blizzard's API knows none of the 106 quests of this name"
"57753","Conquest's Reward","Rated PvP","1","FLAG","Reviewed with the user 2026-10-05: Battle for Azeroth's weekly PvP conquest rewards, a system Shadowlands replaced. Wowhead lists 54079 as obsolete, and Blizzard's API knows none of the 106 quests of this name"
"57754","Conquest's Reward","Rated PvP","1","FLAG","Reviewed with the user 2026-10-05: Battle for Azeroth's weekly PvP conquest rewards, a system Shadowlands replaced. Wowhead lists 54079 as obsolete, and Blizzard's API knows none of the 106 quests of this name"
"57755","Conquest's Reward","Rated PvP","1","FLAG","Reviewed with the user 2026-10-05: Battle for Azeroth's weekly PvP conquest rewards, a system Shadowlands replaced. Wowhead lists 54079 as obsolete, and Blizzard's API knows none of the 106 quests of this name"
"57756","Conquest's Reward","Rated PvP","1","FLAG","Reviewed with the user 2026-10-05: Battle for Azeroth's weekly PvP conquest rewards, a system Shadowlands replaced. Wowhead lists 54079 as obsolete, and Blizzard's API knows none of the 106 quests of this name"
"57757","Conquest's Reward","Rated PvP","1","FLAG","Reviewed with the user 2026-10-05: Battle for Azeroth's weekly PvP conquest rewards, a system Shadowlands replaced. Wowhead lists 54079 as obsolete, and Blizzard's API knows none of the 106 quests of this name"
"57758","Conquest's Reward","Rated PvP","1","FLAG","Reviewed with the user 2026-10-05: Battle for Azeroth's weekly PvP conquest rewards, a system Shadowlands replaced. Wowhead lists 54079 as obsolete, and Blizzard's API knows none of the 106 quests of this name"
"57759","Conquest's Reward","Rated PvP","1","FLAG","Reviewed with the user 2026-10-05: Battle for Azeroth's weekly PvP conquest rewards, a system Shadowlands replaced. Wowhead lists 54079 as obsolete, and Blizzard's API knows none of the 106 quests of this name"
"57760","Conquest's Reward","Rated PvP","1","FLAG","Reviewed with the user 2026-10-05: Battle for Azeroth's weekly PvP conquest rewards, a system Shadowlands replaced. Wowhead lists 54079 as obsolete, and Blizzard's API knows none of the 106 quests of this name"
"57761","Conquest's Reward","Rated PvP","1","FLAG","Reviewed with the user 2026-10-05: Battle for Azeroth's weekly PvP conquest rewards, a system Shadowlands replaced. Wowhead lists 54079 as obsolete, and Blizzard's API knows none of the 106 quests of this name"
"57762","Conquest's Reward","Rated PvP","1","FLAG","Reviewed with the user 2026-10-05: Battle for Azeroth's weekly PvP conquest rewards, a system Shadowlands replaced. Wowhead lists 54079 as obsolete, and Blizzard's API knows none of the 106 quests of this name"
"57763","Conquest's Reward","Rated PvP","1","FLAG","Reviewed with the user 2026-10-05: Battle for Azeroth's weekly PvP conquest rewards, a system Shadowlands replaced. Wowhead lists 54079 as obsolete, and Blizzard's API knows none of the 106 quests of this name"
"57764","Conquest's Reward","Rated PvP","1","FLAG","Reviewed with the user 2026-10-05: Battle for Azeroth's weekly PvP conquest rewards, a system Shadowlands replaced. Wowhead lists 54079 as obsolete, and Blizzard's API knows none of the 106 quests of this name"
"57765","Conquest's Reward","Rated PvP","1","FLAG","Reviewed with the user 2026-10-05: Battle for Azeroth's weekly PvP conquest rewards, a system Shadowlands replaced. Wowhead lists 54079 as obsolete, and Blizzard's API knows none of the 106 quests of this name"
"57768","Conquest's Reward","Rated PvP","1","FLAG","Reviewed with the user 2026-10-05: Battle for Azeroth's weekly PvP conquest rewards, a system Shadowlands replaced. Wowhead lists 54079 as obsolete, and Blizzard's API knows none of the 106 quests of this name"
"57769","Conquest's Reward","Rated PvP","1","FLAG","Reviewed with the user 2026-10-05: Battle for Azeroth's weekly PvP conquest rewards, a system Shadowlands replaced. Wowhead lists 54079 as obsolete, and Blizzard's API knows none of the 106 quests of this name"
"57961","Heroic: Battle for Darkshore","","","KEEP","Reviewed with the user 2026-10-05: no evidence either way, so it stays shown (anything uncertain stays unflagged)"
"57962","Heroic: Battle for Darkshore","","","KEEP","Reviewed with the user 2026-10-05: no evidence either way, so it stays shown (anything uncertain stays unflagged)"
"58096","Supplies from the Rajani","Mechagon","","KEEP","Flagged in phase 1 for being missing from QuestV2. Reviewed with the user 2026-10-05: unflagged, because QuestV2 never lists repeatable quests (none of the 500 the API flags repeatable) and the server still knows this one (the type probe loaded it)"
"58097","Supplies from the Uldum Accord","Mechagon","","KEEP","Flagged in phase 1 for being missing from QuestV2. Reviewed with the user 2026-10-05: unflagged, because QuestV2 never lists repeatable quests (none of the 500 the API flags repeatable) and the server still knows this one (the type probe loaded it)"
"58328","TBD","Revendreth","","KEEP","Menu review 9 Oct 2026 (not reviewed with the user): internal placeholder name, but Blizzard's API serves it; the server knows it (type probe); in QuestV2 of retail 12.1.0.69933 and of PTR 12.1.5.70077; no pin, quest-giver point, quest line, achievement criterion or prerequisite. Not flagged: the server knows it; the API serves it; it is still in the latest PTR's QuestV2. Stays shown."
"58341","Conquest's Reward","Rated PvP","1","FLAG","Reviewed with the user 2026-10-05: Battle for Azeroth's weekly PvP conquest rewards, a system Shadowlands replaced. Wowhead lists 54079 as obsolete, and Blizzard's API knows none of the 106 quests of this name"
"58342","Conquest's Reward","Rated PvP","1","FLAG","Reviewed with the user 2026-10-05: Battle for Azeroth's weekly PvP conquest rewards, a system Shadowlands replaced. Wowhead lists 54079 as obsolete, and Blizzard's API knows none of the 106 quests of this name"
"58343","Conquest's Reward","Rated PvP","1","FLAG","Reviewed with the user 2026-10-05: Battle for Azeroth's weekly PvP conquest rewards, a system Shadowlands replaced. Wowhead lists 54079 as obsolete, and Blizzard's API knows none of the 106 quests of this name"
"58344","Conquest's Reward","Rated PvP","1","FLAG","Reviewed with the user 2026-10-05: Battle for Azeroth's weekly PvP conquest rewards, a system Shadowlands replaced. Wowhead lists 54079 as obsolete, and Blizzard's API knows none of the 106 quests of this name"
"58345","Conquest's Reward","Rated PvP","1","FLAG","Reviewed with the user 2026-10-05: Battle for Azeroth's weekly PvP conquest rewards, a system Shadowlands replaced. Wowhead lists 54079 as obsolete, and Blizzard's API knows none of the 106 quests of this name"
"58346","Conquest's Reward","Rated PvP","1","FLAG","Reviewed with the user 2026-10-05: Battle for Azeroth's weekly PvP conquest rewards, a system Shadowlands replaced. Wowhead lists 54079 as obsolete, and Blizzard's API knows none of the 106 quests of this name"
"58347","Conquest's Reward","Rated PvP","1","FLAG","Reviewed with the user 2026-10-05: Battle for Azeroth's weekly PvP conquest rewards, a system Shadowlands replaced. Wowhead lists 54079 as obsolete, and Blizzard's API knows none of the 106 quests of this name"
"58348","Conquest's Reward","Rated PvP","1","FLAG","Reviewed with the user 2026-10-05: Battle for Azeroth's weekly PvP conquest rewards, a system Shadowlands replaced. Wowhead lists 54079 as obsolete, and Blizzard's API knows none of the 106 quests of this name"
"58352","Conquest's Reward","Rated PvP","1","FLAG","Reviewed with the user 2026-10-05: Battle for Azeroth's weekly PvP conquest rewards, a system Shadowlands replaced. Wowhead lists 54079 as obsolete, and Blizzard's API knows none of the 106 quests of this name"
"58991","Curious Corruption","Chamber of Heart","","KEEP","Reviewed with the user 2026-10-05: no evidence either way, so it stays shown (anything uncertain stays unflagged)"
"59291","Conquest's Reward","Rated PvP","1","FLAG","Reviewed with the user 2026-10-05: Battle for Azeroth's weekly PvP conquest rewards, a system Shadowlands replaced. Wowhead lists 54079 as obsolete, and Blizzard's API knows none of the 106 quests of this name"
"59292","Conquest's Reward","Rated PvP","1","FLAG","Reviewed with the user 2026-10-05: Battle for Azeroth's weekly PvP conquest rewards, a system Shadowlands replaced. Wowhead lists 54079 as obsolete, and Blizzard's API knows none of the 106 quests of this name"
"59340","Gallath's Bell","Vision of Orgrimmar","","KEEP","Flagged in phase 1 for being missing from QuestV2. Reviewed with the user 2026-10-05: unflagged, because QuestV2 never lists repeatable quests (none of the 500 the API flags repeatable) and the server still knows this one (the type probe loaded it)"
"59344","Renavyth's Medallion","Vision of Orgrimmar","","KEEP","Flagged in phase 1 for being missing from QuestV2. Reviewed with the user 2026-10-05: unflagged, because QuestV2 never lists repeatable quests (none of the 500 the API flags repeatable) and the server still knows this one (the type probe loaded it)"
"59345","Phantoriax's Warsword","Vision of Orgrimmar","","KEEP","Flagged in phase 1 for being missing from QuestV2. Reviewed with the user 2026-10-05: unflagged, because QuestV2 never lists repeatable quests (none of the 500 the API flags repeatable) and the server still knows this one (the type probe loaded it)"
"59346","Indri's Flute","Vision of Orgrimmar","","KEEP","Flagged in phase 1 for being missing from QuestV2. Reviewed with the user 2026-10-05: unflagged, because QuestV2 never lists repeatable quests (none of the 500 the API flags repeatable) and the server still knows this one (the type probe loaded it)"
"59775","Help Indigo find Penthia","Vision of Orgrimmar","","KEEP","Flagged in phase 1 for being missing from QuestV2. Reviewed with the user 2026-10-05: unflagged, because QuestV2 never lists repeatable quests (none of the 500 the API flags repeatable) and the server still knows this one (the type probe loaded it)"
"59777","Help Calix find Amethia","Vision of Orgrimmar","","KEEP","Flagged in phase 1 for being missing from QuestV2. Reviewed with the user 2026-10-05: unflagged, because QuestV2 never lists repeatable quests (none of the 500 the API flags repeatable) and the server still knows this one (the type probe loaded it)"
"59778","Help Sawn find Varrik","Vision of Orgrimmar","","KEEP","Flagged in phase 1 for being missing from QuestV2. Reviewed with the user 2026-10-05: unflagged, because QuestV2 never lists repeatable quests (none of the 500 the API flags repeatable) and the server still knows this one (the type probe loaded it)"
"59779","Help Moriaz find Buttons","Vision of Orgrimmar","","KEEP","Flagged in phase 1 for being missing from QuestV2. Reviewed with the user 2026-10-05: unflagged, because QuestV2 never lists repeatable quests (none of the 500 the API flags repeatable) and the server still knows this one (the type probe loaded it)"
"60227","TBD Soulguard Torch","Revendreth","","KEEP","Menu review 9 Oct 2026 (not reviewed with the user): internal placeholder name, but Blizzard's API serves it; the server knows it (type probe); in QuestV2 of retail 12.1.0.69933 and of PTR 12.1.5.70077; no pin, quest-giver point, quest line, achievement criterion or prerequisite. Not flagged: the server knows it; the API serves it; it is still in the latest PTR's QuestV2. Stays shown."
"60228","Sinstone Delivery TBD","Revendreth","","KEEP","Menu review 9 Oct 2026 (not reviewed with the user): internal placeholder name, but Blizzard's API serves it; the server knows it (type probe); in QuestV2 of retail 12.1.0.69933 and of PTR 12.1.5.70077; no pin, quest-giver point, quest line, achievement criterion or prerequisite. Not flagged: the server knows it; the API serves it; it is still in the latest PTR's QuestV2. Stays shown."
"60288","Supplies from the Necrolords","Maldraxxus","","KEEP","Flagged in phase 1 for being missing from QuestV2. Reviewed with the user 2026-10-05: unflagged, because QuestV2 never lists repeatable quests (none of the 500 the API flags repeatable) and the server still knows this one (the type probe loaded it)"
"60474","Spawn Tracking Unit-Specified World Effect in a WMO Bug","Development Land","1","FLAG","Reviewed with the user 2026-10-05: an internal or test entry ([DNT], placeholder or test name), not a player quest. In the client's QuestV2, but Blizzard API 404; no quest-giver point, pin, quest line, achievement criterion or prerequisite"
"60559","Unused","Oribos","","KEEP","Menu review 9 Oct 2026 (not reviewed with the user): internal placeholder name, but Blizzard's API serves it; the server knows it (type probe); in QuestV2 of retail 12.1.0.69933 and of PTR 12.1.5.70077; no pin, quest-giver point, quest line, achievement criterion or prerequisite. Not flagged: the server knows it; the API serves it; it is still in the latest PTR's QuestV2. Stays shown."
"60568","TEMP MAW RUN","Revendreth","1","FLAG","Reviewed with the user 2026-10-05: an internal or test entry ([DNT], placeholder or test name), not a player quest. In the client's QuestV2, but Blizzard API 404; no quest-giver point, pin, quest line, achievement criterion or prerequisite"
"60573","Meatball's Revenge","Torghast, Tower of the Damned","","KEEP","Flagged in phase 1 for being missing from QuestV2. Reviewed with the user 2026-10-05: unflagged, because QuestV2 never lists repeatable quests (none of the 500 the API flags repeatable) and the server still knows this one (the type probe loaded it)"
"60785","Party Crashers!","Eastern Kingdoms","2","FLAG","Not in QuestV2 or quest location data of retail 12.1.0.69933 or PTR 12.1.5.70077; Blizzard API 404; no pin, quest line, achievement criterion or prerequisite; unknown to the server too (the type probe couldn't load it)"
"60937","[DNT] Blueprint: Herald's Footpads","Bastion","","KEEP","Menu review 9 Oct 2026 (not reviewed with the user): internal placeholder name, but Blizzard's API serves it; the server knows it (type probe); in QuestV2 of retail 12.1.0.69933 and of PTR 12.1.5.70077; it is required by an achievement criterion. Not flagged: the server knows it; the API serves it; it is still in the latest PTR's QuestV2; it has a sign of life. Stays shown."
"61095","Supplies from The Undying Army","Maldraxxus","","KEEP","Flagged in phase 1 for being missing from QuestV2. Reviewed with the user 2026-10-05: unflagged, because QuestV2 never lists repeatable quests (none of the 500 the API flags repeatable) and the server still knows this one (the type probe loaded it)"
"61097","Supplies from The Ascended","Bastion","","KEEP","Flagged in phase 1 for being missing from QuestV2. Reviewed with the user 2026-10-05: unflagged, because QuestV2 never lists repeatable quests (none of the 500 the API flags repeatable) and the server still knows this one (the type probe loaded it)"
"61098","Supplies from The Wild Hunt","Ardenweald","","KEEP","Flagged in phase 1 for being missing from QuestV2. Reviewed with the user 2026-10-05: unflagged, because QuestV2 never lists repeatable quests (none of the 500 the API flags repeatable) and the server still knows this one (the type probe loaded it)"
"61100","Supplies from the Court of Harvesters","Revendreth","","KEEP","Flagged in phase 1 for being missing from QuestV2. Reviewed with the user 2026-10-05: unflagged, because QuestV2 never lists repeatable quests (none of the 500 the API flags repeatable) and the server still knows this one (the type probe loaded it)"
"61161","Party Crashers!","Eastern Kingdoms","2","FLAG","Not in QuestV2 or quest location data of retail 12.1.0.69933 or PTR 12.1.5.70077; Blizzard API 404; no pin, quest line, achievement criterion or prerequisite; unknown to the server too (the type probe couldn't load it)"
"61162","Party Crashers!","Eastern Kingdoms","2","FLAG","Not in QuestV2 or quest location data of retail 12.1.0.69933 or PTR 12.1.5.70077; Blizzard API 404; no pin, quest line, achievement criterion or prerequisite; unknown to the server too (the type probe couldn't load it)"
"61163","Party Crashers!","Eastern Kingdoms","2","FLAG","Not in QuestV2 or quest location data of retail 12.1.0.69933 or PTR 12.1.5.70077; Blizzard API 404; no pin, quest line, achievement criterion or prerequisite; unknown to the server too (the type probe couldn't load it)"
"61164","Party Crashers!","Eastern Kingdoms","2","FLAG","Not in QuestV2 or quest location data of retail 12.1.0.69933 or PTR 12.1.5.70077; Blizzard API 404; no pin, quest line, achievement criterion or prerequisite; unknown to the server too (the type probe couldn't load it)"
"61228","Dug's Missing Shovel","Torghast, Tower of the Damned","","KEEP","Flagged in phase 1 for being missing from QuestV2. Reviewed with the user 2026-10-05: unflagged, because QuestV2 never lists repeatable quests (none of the 500 the API flags repeatable) and the server still knows this one (the type probe loaded it)"
"61234","Stonehuck's Sinstone","Torghast, Tower of the Damned","","KEEP","Flagged in phase 1 for being missing from QuestV2. Reviewed with the user 2026-10-05: unflagged, because QuestV2 never lists repeatable quests (none of the 500 the API flags repeatable) and the server still knows this one (the type probe loaded it)"
"61243","Thela's Memory Stone","Torghast, Tower of the Damned","","KEEP","Flagged in phase 1 for being missing from QuestV2. Reviewed with the user 2026-10-05: unflagged, because QuestV2 never lists repeatable quests (none of the 500 the API flags repeatable) and the server still knows this one (the type probe loaded it)"
"61248","Kaletar's Freedom","Torghast, Tower of the Damned","","KEEP","Flagged in phase 1 for being missing from QuestV2. Reviewed with the user 2026-10-05: unflagged, because QuestV2 never lists repeatable quests (none of the 500 the API flags repeatable) and the server still knows this one (the type probe loaded it)"
"61259","Ayeleth's Hunger","Torghast, Tower of the Damned","","KEEP","Flagged in phase 1 for being missing from QuestV2. Reviewed with the user 2026-10-05: unflagged, because QuestV2 never lists repeatable quests (none of the 500 the API flags repeatable) and the server still knows this one (the type probe loaded it)"
"61262","Nerith's Vengeance","Torghast, Tower of the Damned","","KEEP","Flagged in phase 1 for being missing from QuestV2. Reviewed with the user 2026-10-05: unflagged, because QuestV2 never lists repeatable quests (none of the 500 the API flags repeatable) and the server still knows this one (the type probe loaded it)"
"61322","Kythekios' Memory Stone","Torghast, Tower of the Damned","","KEEP","Flagged in phase 1 for being missing from QuestV2. Reviewed with the user 2026-10-05: unflagged, because QuestV2 never lists repeatable quests (none of the 500 the API flags repeatable) and the server still knows this one (the type probe loaded it)"
"61326","[[Deprecated]]","Eastern Kingdoms","","KEEP","Menu review 9 Oct 2026 (not reviewed with the user): internal placeholder name, but Blizzard's API serves it; the server does not know it (type probe); in QuestV2 of retail 12.1.0.69933 and of PTR 12.1.5.70077; no pin, quest-giver point, quest line, achievement criterion or prerequisite. Not flagged: the API serves it; it is still in the latest PTR's QuestV2. Stays shown."
"61327","[[Deprecated]]","Eastern Kingdoms","","KEEP","Menu review 9 Oct 2026 (not reviewed with the user): internal placeholder name, but Blizzard's API serves it; the server does not know it (type probe); in QuestV2 of retail 12.1.0.69933 and of PTR 12.1.5.70077; no pin, quest-giver point, quest line, achievement criterion or prerequisite. Not flagged: the API serves it; it is still in the latest PTR's QuestV2. Stays shown."
"61328","[[Deprecated]]","Eastern Kingdoms","","KEEP","Menu review 9 Oct 2026 (not reviewed with the user): internal placeholder name, but Blizzard's API serves it; the server does not know it (type probe); in QuestV2 of retail 12.1.0.69933 and of PTR 12.1.5.70077; no pin, quest-giver point, quest line, achievement criterion or prerequisite. Not flagged: the API serves it; it is still in the latest PTR's QuestV2. Stays shown."
"61329","[[Deprecated]]","Eastern Kingdoms","","KEEP","Menu review 9 Oct 2026 (not reviewed with the user): internal placeholder name, but Blizzard's API serves it; the server knows it (type probe); in QuestV2 of retail 12.1.0.69933 and of PTR 12.1.5.70077; no pin, quest-giver point, quest line, achievement criterion or prerequisite. Not flagged: the server knows it; the API serves it; it is still in the latest PTR's QuestV2. Stays shown."
"61330","Teliah's Stolen Spear","Torghast, Tower of the Damned","","KEEP","Flagged in phase 1 for being missing from QuestV2. Reviewed with the user 2026-10-05: unflagged, because QuestV2 never lists repeatable quests (none of the 500 the API flags repeatable) and the server still knows this one (the type probe loaded it)"
"61340","Telethakas' Revenge","Torghast, Tower of the Damned","","KEEP","Flagged in phase 1 for being missing from QuestV2. Reviewed with the user 2026-10-05: unflagged, because QuestV2 never lists repeatable quests (none of the 500 the API flags repeatable) and the server still knows this one (the type probe loaded it)"
"61347","Molako's Freedom","Torghast, Tower of the Damned","","KEEP","Flagged in phase 1 for being missing from QuestV2. Reviewed with the user 2026-10-05: unflagged, because QuestV2 never lists repeatable quests (none of the 500 the API flags repeatable) and the server still knows this one (the type probe loaded it)"
"61348","Hala's Sword","Torghast, Tower of the Damned","","KEEP","Flagged in phase 1 for being missing from QuestV2. Reviewed with the user 2026-10-05: unflagged, because QuestV2 never lists repeatable quests (none of the 500 the API flags repeatable) and the server still knows this one (the type probe loaded it)"
"61395","Spare Parts","Torghast, Tower of the Damned","","KEEP","Flagged in phase 1 for being missing from QuestV2. Reviewed with the user 2026-10-05: unflagged, because QuestV2 never lists repeatable quests (none of the 500 the API flags repeatable) and the server still knows this one (the type probe loaded it)"
"61427","Blisswing's Rescue","Torghast, Tower of the Damned","","KEEP","Flagged in phase 1 for being missing from QuestV2. Reviewed with the user 2026-10-05: unflagged, because QuestV2 never lists repeatable quests (none of the 500 the API flags repeatable) and the server still knows this one (the type probe loaded it)"
"61428","Duskleaf's Revenge","Torghast, Tower of the Damned","","KEEP","Flagged in phase 1 for being missing from QuestV2. Reviewed with the user 2026-10-05: unflagged, because QuestV2 never lists repeatable quests (none of the 500 the API flags repeatable) and the server still knows this one (the type probe loaded it)"
"61429","Karynmwylyann's Roots","Torghast, Tower of the Damned","","KEEP","Flagged in phase 1 for being missing from QuestV2. Reviewed with the user 2026-10-05: unflagged, because QuestV2 never lists repeatable quests (none of the 500 the API flags repeatable) and the server still knows this one (the type probe loaded it)"
"61430","Chalkyth's Saber","Torghast, Tower of the Damned","","KEEP","Flagged in phase 1 for being missing from QuestV2. Reviewed with the user 2026-10-05: unflagged, because QuestV2 never lists repeatable quests (none of the 500 the API flags repeatable) and the server still knows this one (the type probe loaded it)"
"61431","Lloth'wellyn's Breakthrough","Torghast, Tower of the Damned","","KEEP","Flagged in phase 1 for being missing from QuestV2. Reviewed with the user 2026-10-05: unflagged, because QuestV2 never lists repeatable quests (none of the 500 the API flags repeatable) and the server still knows this one (the type probe loaded it)"
"61517","zz","The Maw","","KEEP","Menu review 9 Oct 2026 (not reviewed with the user): internal placeholder name, but Blizzard API 404; the server knows it (type probe); in QuestV2 of retail 12.1.0.69933 and of PTR 12.1.5.70077; no pin, quest-giver point, quest line, achievement criterion or prerequisite. Not flagged: the server knows it; it is still in the latest PTR's QuestV2; it is a client task quest, which Build-UnavailableQuests.ps1 refuses to flag. Stays shown."
"61636","PH - UNUSED","Bastion","","KEEP","Menu review 9 Oct 2026 (not reviewed with the user): internal placeholder name, but Blizzard's API serves it; the server knows it (type probe); in QuestV2 of retail 12.1.0.69933 and of PTR 12.1.5.70077; no pin, quest-giver point, quest line, achievement criterion or prerequisite. Not flagged: the server knows it; the API serves it; it is still in the latest PTR's QuestV2. Stays shown."
"62226","Talethi's Desire","Torghast, Tower of the Damned","","KEEP","Flagged in phase 1 for being missing from QuestV2. Reviewed with the user 2026-10-05: unflagged, because QuestV2 never lists repeatable quests (none of the 500 the API flags repeatable) and the server still knows this one (the type probe loaded it)"
"62227","Xertora's Construct","Torghast, Tower of the Damned","","KEEP","Flagged in phase 1 for being missing from QuestV2. Reviewed with the user 2026-10-05: unflagged, because QuestV2 never lists repeatable quests (none of the 500 the API flags repeatable) and the server still knows this one (the type probe loaded it)"
"62229","Ashraka's Intelligence","Torghast, Tower of the Damned","","KEEP","Flagged in phase 1 for being missing from QuestV2. Reviewed with the user 2026-10-05: unflagged, because QuestV2 never lists repeatable quests (none of the 500 the API flags repeatable) and the server still knows this one (the type probe loaded it)"
"62231","Velkein's Blade","Torghast, Tower of the Damned","","KEEP","Flagged in phase 1 for being missing from QuestV2. Reviewed with the user 2026-10-05: unflagged, because QuestV2 never lists repeatable quests (none of the 500 the API flags repeatable) and the server still knows this one (the type probe loaded it)"
"62236","Rattlebag's Lost Armor","Torghast, Tower of the Damned","","KEEP","Flagged in phase 1 for being missing from QuestV2. Reviewed with the user 2026-10-05: unflagged, because QuestV2 never lists repeatable quests (none of the 500 the API flags repeatable) and the server still knows this one (the type probe loaded it)"
"62245","Venari Rep Token Tracking","Eastern Kingdoms","1","FLAG","Reviewed with the user 2026-10-05: a hidden tracking quest, never offered to players. In the client's QuestV2, but Blizzard API 404; no quest-giver point, pin, quest line, achievement criterion or prerequisite"
"62248","Venari Rep Token Tracking","Eastern Kingdoms","1","FLAG","Reviewed with the user 2026-10-05: a hidden tracking quest, never offered to players. In the client's QuestV2, but Blizzard API 404; no quest-giver point, pin, quest line, achievement criterion or prerequisite"
"62249","Venari Rep Token Tracking","Eastern Kingdoms","1","FLAG","Reviewed with the user 2026-10-05: a hidden tracking quest, never offered to players. In the client's QuestV2, but Blizzard API 404; no quest-giver point, pin, quest line, achievement criterion or prerequisite"
"62291","Venari Rep Token Tracking","Eastern Kingdoms","1","FLAG","Reviewed with the user 2026-10-05: a hidden tracking quest, never offered to players. In the client's QuestV2, but Blizzard API 404; no quest-giver point, pin, quest line, achievement criterion or prerequisite"
"62579","Venari Rep Token Tracking","Eastern Kingdoms","1","FLAG","Reviewed with the user 2026-10-05: a hidden tracking quest, never offered to players. In the client's QuestV2, but Blizzard API 404; no quest-giver point, pin, quest line, achievement criterion or prerequisite"
"62642","LFGDungeons - SL - Heroic Random - 1st","Eastern Kingdoms","","KEEP","Menu review 9 Oct 2026 (not reviewed with the user): internal placeholder name, but Blizzard's API serves it; the server knows it (type probe); in neither build's QuestV2, which never lists repeatable quests, so that proves nothing; no pin, quest-giver point, quest line, achievement criterion or prerequisite. Not flagged: the server knows it; the API serves it. Stays shown."
"62643","LFGDungeons - SL - Heroic Random - Nth","Eastern Kingdoms","","KEEP","Menu review 9 Oct 2026 (not reviewed with the user): internal placeholder name, but Blizzard's API serves it; the server knows it (type probe); in neither build's QuestV2, which never lists repeatable quests, so that proves nothing; no pin, quest-giver point, quest line, achievement criterion or prerequisite. Not flagged: the server knows it; the API serves it. Stays shown."
"62644","LFGDungeons - SL - Normal Random - 1st","Eastern Kingdoms","","KEEP","Menu review 9 Oct 2026 (not reviewed with the user): internal placeholder name, but Blizzard's API serves it; the server knows it (type probe); in neither build's QuestV2, which never lists repeatable quests, so that proves nothing; no pin, quest-giver point, quest line, achievement criterion or prerequisite. Not flagged: the server knows it; the API serves it. Stays shown."
"62645","LFGDungeons - SL - Normal Random - Nth","Eastern Kingdoms","","KEEP","Menu review 9 Oct 2026 (not reviewed with the user): internal placeholder name, but Blizzard's API serves it; the server knows it (type probe); in neither build's QuestV2, which never lists repeatable quests, so that proves nothing; no pin, quest-giver point, quest line, achievement criterion or prerequisite. Not flagged: the server knows it; the API serves it. Stays shown."
"62646","LFGDungeons - SL - Raid Finder - 1st","Eastern Kingdoms","","KEEP","Menu review 9 Oct 2026 (not reviewed with the user): internal placeholder name, but Blizzard's API serves it; the server knows it (type probe); in neither build's QuestV2, which never lists repeatable quests, so that proves nothing; no pin, quest-giver point, quest line, achievement criterion or prerequisite. Not flagged: the server knows it; the API serves it. Stays shown."
"62647","LFGDungeons - SL - Raid Finder - Nth","Eastern Kingdoms","","KEEP","Menu review 9 Oct 2026 (not reviewed with the user): internal placeholder name, but Blizzard's API serves it; the server knows it (type probe); in neither build's QuestV2, which never lists repeatable quests, so that proves nothing; no pin, quest-giver point, quest line, achievement criterion or prerequisite. Not flagged: the server knows it; the API serves it. Stays shown."
"62717","Venari Rep Token Tracking","Eastern Kingdoms","1","FLAG","Reviewed with the user 2026-10-05: a hidden tracking quest, never offered to players. In the client's QuestV2, but Blizzard API 404; no quest-giver point, pin, quest line, achievement criterion or prerequisite"
"62728","9.0 Rated PvP Incentive - Shadowlands Season 1 Saddle","Eastern Kingdoms","1","FLAG","Reviewed with the user 2026-10-05: a Shadowlands Season 1 rated PvP reward; the season is long over. Blizzard API 404; no quest-giver point, pin, quest line, achievement criterion or prerequisite"
"62828","[DNT] Door of Shadows","Eastern Kingdoms","","KEEP","Menu review 9 Oct 2026 (not reviewed with the user): internal placeholder name, but Blizzard's API serves it; the server knows it (type probe); in QuestV2 of retail 12.1.0.69933 and of PTR 12.1.5.70077; no pin, quest-giver point, quest line, achievement criterion or prerequisite. Not flagged: the server knows it; the API serves it; it is still in the latest PTR's QuestV2. Stays shown."
"62886","A Call to Service","Covenant Sanctum","","KEEP","Reviewed with the user 2026-10-05: no evidence either way, so it stays shown (anything uncertain stays unflagged)"
"62987","[DNT] Test Quest","Revendreth","","KEEP","Menu review 9 Oct 2026 (not reviewed with the user): internal placeholder name, but Blizzard's API serves it; the server knows it (type probe); in QuestV2 of retail 12.1.0.69933 and of PTR 12.1.5.70077; no pin, quest-giver point, quest line, achievement criterion or prerequisite. Not flagged: the server knows it; the API serves it; it is still in the latest PTR's QuestV2. Stays shown."
"62993","The Riddle of Death","Torghast, Tower of the Damned","","KEEP","Flagged in phase 1 for being missing from QuestV2. Reviewed with the user 2026-10-05: unflagged, because QuestV2 never lists repeatable quests (none of the 500 the API flags repeatable) and the server still knows this one (the type probe loaded it)"
"63101","XX REUSEME","Covenant Sanctum","1","FLAG","Reviewed with the user 2026-10-05: an internal or test entry ([DNT], placeholder or test name), not a player quest. In the client's QuestV2, but Blizzard API 404; no quest-giver point, pin, quest line, achievement criterion or prerequisite"
"63197","Tracking Quest","The Maw","1","FLAG","Reviewed with the user 2026-10-05: a hidden tracking quest, never offered to players. In the client's QuestV2, but Blizzard API 404; no quest-giver point, pin, quest line, achievement criterion or prerequisite"
"63611","Rune Chest Opened","Eastern Kingdoms","1","FLAG","Reviewed with the user 2026-10-05: a hidden tracking quest, never offered to players. In the client's QuestV2, but Blizzard API 404; no quest-giver point, pin, quest line, achievement criterion or prerequisite"
"63735","Recover the Research","The Archivists' Codex","","KEEP","Reviewed with the user 2026-10-05: no evidence either way, so it stays shown (anything uncertain stays unflagged)"
"63947","Raiders in the Ruins [PH]","9 1 Campaign","","KEEP","Menu review 9 Oct 2026 (not reviewed with the user): internal placeholder name, but Blizzard's API serves it; the server knows it (type probe); in QuestV2 of retail 12.1.0.69933 and of PTR 12.1.5.70077; no pin, quest-giver point, quest line, achievement criterion or prerequisite. Not flagged: the server knows it; the API serves it; it is still in the latest PTR's QuestV2. The API files it under its 9.1 Campaign category (600) with real quest text, and with its twin it is the only quest of our category 1240, so flagging both would empty that menu entry. Stays shown."
"63948","Seeking the Seeker's Staff [PH]","9 1 Campaign","","KEEP","Menu review 9 Oct 2026 (not reviewed with the user): internal placeholder name, but Blizzard's API serves it; the server knows it (type probe); in QuestV2 of retail 12.1.0.69933 and of PTR 12.1.5.70077; no pin, quest-giver point, quest line, achievement criterion or prerequisite. Not flagged: the server knows it; the API serves it; it is still in the latest PTR's QuestV2. The API files it under its 9.1 Campaign category (600) with real quest text, and with its twin it is the only quest of our category 1240, so flagging both would empty that menu entry. Stays shown."
"63987","Ve'lor's Lost Parcel","Torghast, Tower of the Damned","","KEEP","Flagged in phase 1 for being missing from QuestV2. Reviewed with the user 2026-10-05: unflagged, because QuestV2 never lists repeatable quests (none of the 500 the API flags repeatable) and the server still knows this one (the type probe loaded it)"
"64012","Supplies from Death's Advance","Korthia","","KEEP","Flagged in phase 1 for being missing from QuestV2. Reviewed with the user 2026-10-05: unflagged, because QuestV2 never lists repeatable quests (none of the 500 the API flags repeatable) and the server still knows this one (the type probe loaded it)"
"64184","Missing Friend","Torghast, Tower of the Damned","","KEEP","Flagged in phase 1 for being missing from QuestV2. Reviewed with the user 2026-10-05: unflagged, because QuestV2 never lists repeatable quests (none of the 500 the API flags repeatable) and the server still knows this one (the type probe loaded it)"
"64185","Assist Ella With ?","Torghast, Tower of the Damned","","KEEP","Flagged in phase 1 for being missing from QuestV2. Reviewed with the user 2026-10-05: unflagged, because QuestV2 never lists repeatable quests (none of the 500 the API flags repeatable) and the server still knows this one (the type probe loaded it)"
"64186","ELGU - 007's Missing Power Core","Torghast, Tower of the Damned","","KEEP","Flagged in phase 1 for being missing from QuestV2. Reviewed with the user 2026-10-05: unflagged, because QuestV2 never lists repeatable quests (none of the 500 the API flags repeatable) and the server still knows this one (the type probe loaded it)"
"64187","Kiaranyka's Search","Torghast, Tower of the Damned","","KEEP","Flagged in phase 1 for being missing from QuestV2. Reviewed with the user 2026-10-05: unflagged, because QuestV2 never lists repeatable quests (none of the 500 the API flags repeatable) and the server still knows this one (the type probe loaded it)"
"64188","Ryuja's Supplies","Torghast, Tower of the Damned","","KEEP","Flagged in phase 1 for being missing from QuestV2. Reviewed with the user 2026-10-05: unflagged, because QuestV2 never lists repeatable quests (none of the 500 the API flags repeatable) and the server still knows this one (the type probe loaded it)"
"64189","Kinessa's Support","Torghast, Tower of the Damned","","KEEP","Flagged in phase 1 for being missing from QuestV2. Reviewed with the user 2026-10-05: unflagged, because QuestV2 never lists repeatable quests (none of the 500 the API flags repeatable) and the server still knows this one (the type probe loaded it)"
"64190","Steadyhands' Platter","Torghast, Tower of the Damned","","KEEP","Flagged in phase 1 for being missing from QuestV2. Reviewed with the user 2026-10-05: unflagged, because QuestV2 never lists repeatable quests (none of the 500 the API flags repeatable) and the server still knows this one (the type probe loaded it)"
"64191","Lassik's Gear","Torghast, Tower of the Damned","","KEEP","Flagged in phase 1 for being missing from QuestV2. Reviewed with the user 2026-10-05: unflagged, because QuestV2 never lists repeatable quests (none of the 500 the API flags repeatable) and the server still knows this one (the type probe loaded it)"
"64231","[DNT] Training Quest","Eastern Kingdoms","","KEEP","Menu review 9 Oct 2026 (not reviewed with the user): internal placeholder name, but Blizzard's API serves it; the server knows it (type probe); in QuestV2 of retail 12.1.0.69933 and of PTR 12.1.5.70077; no pin, quest-giver point, quest line, achievement criterion or prerequisite. Not flagged: the server knows it; the API serves it; it is still in the latest PTR's QuestV2. Stays shown."
"64235","[DNT] Training Kill Quest","Bastion","1","FLAG","Reviewed with the user 2026-10-05: an internal or test entry ([DNT], placeholder or test name), not a player quest. In the client's QuestV2, but Blizzard API 404; no quest-giver point, pin, quest line, achievement criterion or prerequisite"
"64266","Supplies from The Archivists' Codex","The Archivists' Codex","","KEEP","Flagged in phase 1 for being missing from QuestV2. Reviewed with the user 2026-10-05: unflagged, because QuestV2 never lists repeatable quests (none of the 500 the API flags repeatable) and the server still knows this one (the type probe loaded it)"
"64267","Mysterious Gifts from Ve'nari","Venaris Refuge","","KEEP","Flagged in phase 1 for being missing from QuestV2. Reviewed with the user 2026-10-05: unflagged, because QuestV2 never lists repeatable quests (none of the 500 the API flags repeatable) and the server still knows this one (the type probe loaded it)"
"64508","[DNT] Conduit Energy","Eastern Kingdoms","2","FLAG","Not in QuestV2 or quest location data of retail 12.1.0.69933 or PTR 12.1.5.70077; Blizzard API 404; no pin, quest line, achievement criterion or prerequisite; an internal or test entry"
"64517","Byron Test - Item Gained","Eastern Kingdoms","1","FLAG","Reviewed with the user 2026-10-05: an internal or test entry ([DNT], placeholder or test name), not a player quest. In the client's QuestV2, but Blizzard API 404; no quest-giver point, pin, quest line, achievement criterion or prerequisite"
"64518","Byron Test - Obtain Any Item","Eastern Kingdoms","1","FLAG","Reviewed with the user 2026-10-05: an internal or test entry ([DNT], placeholder or test name), not a player quest. In the client's QuestV2, but Blizzard API 404; no quest-giver point, pin, quest line, achievement criterion or prerequisite"
"64571","Tazavesh: Seek and Do Not Destroy","Dungeon","","KEEP","Reviewed with the user 2026-10-05: no evidence either way, so it stays shown (anything uncertain stays unflagged)"
"64787","[DNT] Tracking Quest","Eastern Kingdoms","1","FLAG","Reviewed with the user 2026-10-05: an internal or test entry ([DNT], placeholder or test name), not a player quest. In the client's QuestV2, but Blizzard API 404; no quest-giver point, pin, quest line, achievement criterion or prerequisite"
"64788","[DNT] Tracking Quest","Eastern Kingdoms","1","FLAG","Reviewed with the user 2026-10-05: an internal or test entry ([DNT], placeholder or test name), not a player quest. In the client's QuestV2, but Blizzard API 404; no quest-giver point, pin, quest line, achievement criterion or prerequisite"
"64789","[DNT] Tracking Quest","Eastern Kingdoms","1","FLAG","Reviewed with the user 2026-10-05: an internal or test entry ([DNT], placeholder or test name), not a player quest. In the client's QuestV2, but Blizzard API 404; no quest-giver point, pin, quest line, achievement criterion or prerequisite"
"64790","[DNT] Tracking Quest","Eastern Kingdoms","1","FLAG","Reviewed with the user 2026-10-05: an internal or test entry ([DNT], placeholder or test name), not a player quest. In the client's QuestV2, but Blizzard API 404; no quest-giver point, pin, quest line, achievement criterion or prerequisite"
"64791","[DNT] Tracking Quest","Eastern Kingdoms","1","FLAG","Reviewed with the user 2026-10-05: an internal or test entry ([DNT], placeholder or test name), not a player quest. In the client's QuestV2, but Blizzard API 404; no quest-giver point, pin, quest line, achievement criterion or prerequisite"
"64792","[DNT] Tracking Quest","Eastern Kingdoms","1","FLAG","Reviewed with the user 2026-10-05: an internal or test entry ([DNT], placeholder or test name), not a player quest. In the client's QuestV2, but Blizzard API 404; no quest-giver point, pin, quest line, achievement criterion or prerequisite"
"64867","Supplies from The Enlightened","Zereth Mortis","","KEEP","Flagged in phase 1 for being missing from QuestV2. Reviewed with the user 2026-10-05: unflagged, because QuestV2 never lists repeatable quests (none of the 500 the API flags repeatable) and the server still knows this one (the type probe loaded it)"
"65606","Renowned with the Maruuk","Ohn'ahran Plains","","KEEP","Flagged in phase 1 for being missing from QuestV2. Reviewed with the user 2026-10-05: unflagged, because QuestV2 never lists repeatable quests (none of the 500 the API flags repeatable) and the server still knows this one (the type probe loaded it)"
"66076","Creature Name","Azj Kahet","1","FLAG","Reviewed with the user 2026-10-05: an internal or test entry ([DNT], placeholder or test name), not a player quest. In the client's QuestV2, but Blizzard API 404; no quest-giver point, pin, quest line, achievement criterion or prerequisite"
"66156","Renowned with the Dragonscale Expedition","The Waking Shores","","KEEP","Flagged in phase 1 for being missing from QuestV2. Reviewed with the user 2026-10-05: unflagged, because QuestV2 never lists repeatable quests (none of the 500 the API flags repeatable) and the server still knows this one (the type probe loaded it)"
"66511","Renowned with the Iskaara Tuskarr","The Azure Span","","KEEP","Flagged in phase 1 for being missing from QuestV2. Reviewed with the user 2026-10-05: unflagged, because QuestV2 never lists repeatable quests (none of the 500 the API flags repeatable) and the server still knows this one (the type probe loaded it)"
"71023","Renowned with the Valdrakken Accord","Thaldraszus","","KEEP","Flagged in phase 1 for being missing from QuestV2. Reviewed with the user 2026-10-05: unflagged, because QuestV2 never lists repeatable quests (none of the 500 the API flags repeatable) and the server still knows this one (the type probe loaded it)"
"71153","WQs, Bonus Objectives and Scenarios Oh My","World Quest","","KEEP","Flagged in phase 1 for being missing from QuestV2. Reviewed with the user 2026-10-05: unflagged, because QuestV2 never lists repeatable quests (none of the 500 the API flags repeatable) and the server still knows this one (the type probe loaded it)"
"72049","Dragon Isles Supplies","Dragonscale Expedition","","KEEP","Reviewed with the user 2026-10-05: recurring content that's likely still live (Special Assignments, Zskera Vaults, Endeavors, weekly events, crests and the like); Wowhead lists 74431 and 91023 as live"
"72298","Valdrakken Accord","World Quest","","KEEP","Flagged in phase 1 for being missing from QuestV2. Reviewed with the user 2026-10-05: unflagged, because QuestV2 never lists repeatable quests (none of the 500 the API flags repeatable) and the server still knows this one (the type probe loaded it)"
"72381","Dragonscale Expedition","World Quest","","KEEP","Flagged in phase 1 for being missing from QuestV2. Reviewed with the user 2026-10-05: unflagged, because QuestV2 never lists repeatable quests (none of the 500 the API flags repeatable) and the server still knows this one (the type probe loaded it)"
"72382","Iskaara Tuskarr","World Quest","","KEEP","Flagged in phase 1 for being missing from QuestV2. Reviewed with the user 2026-10-05: unflagged, because QuestV2 never lists repeatable quests (none of the 500 the API flags repeatable) and the server still knows this one (the type probe loaded it)"
"72383","Maruuk Centaur","World Quest","","KEEP","Flagged in phase 1 for being missing from QuestV2. Reviewed with the user 2026-10-05: unflagged, because QuestV2 never lists repeatable quests (none of the 500 the API flags repeatable) and the server still knows this one (the type probe loaded it)"
"72643","Dragon Isles Supplies","Dragonscale Expedition","","KEEP","Reviewed with the user 2026-10-05: recurring content that's likely still live (Special Assignments, Zskera Vaults, Endeavors, weekly events, crests and the like); Wowhead lists 74431 and 91023 as live"
"72704","Renown Supplies","Dragonscale Expedition","","KEEP","Reviewed with the user 2026-10-05: recurring content that's likely still live (Special Assignments, Zskera Vaults, Endeavors, weekly events, crests and the like); Wowhead lists 74431 and 91023 as live"
"74431","Zskera Vaults","The Forbidden Reach","","KEEP","Reviewed with the user 2026-10-05: recurring content that's likely still live (Special Assignments, Zskera Vaults, Endeavors, weekly events, crests and the like); Wowhead lists 74431 and 91023 as live"
"74432","Zskera Vaults","The Forbidden Reach","","KEEP","Reviewed with the user 2026-10-05: recurring content that's likely still live (Special Assignments, Zskera Vaults, Endeavors, weekly events, crests and the like); Wowhead lists 74431 and 91023 as live"
"74755","Zskera Vaults","The Forbidden Reach","","KEEP","Reviewed with the user 2026-10-05: recurring content that's likely still live (Special Assignments, Zskera Vaults, Endeavors, weekly events, crests and the like); Wowhead lists 74431 and 91023 as live"
"74955","An Egg-centric Discovery","Noblegarden","","KEEP","Reviewed with the user 2026-10-05: a holiday quest, offered while its holiday runs"
"75290","Renowned with the Loamm Niffen","Zaralek Cavern","","KEEP","Flagged in phase 1 for being missing from QuestV2. Reviewed with the user 2026-10-05: unflagged, because QuestV2 never lists repeatable quests (none of the 500 the API flags repeatable) and the server still knows this one (the type probe loaded it)"
"75426","Zskera Vaults","The Forbidden Reach","","KEEP","Reviewed with the user 2026-10-05: recurring content that's likely still live (Special Assignments, Zskera Vaults, Endeavors, weekly events, crests and the like); Wowhead lists 74431 and 91023 as live"
"75427","Zskera Vaults","The Forbidden Reach","","KEEP","Reviewed with the user 2026-10-05: recurring content that's likely still live (Special Assignments, Zskera Vaults, Endeavors, weekly events, crests and the like); Wowhead lists 74431 and 91023 as live"
"75428","Zskera Vaults","The Forbidden Reach","","KEEP","Reviewed with the user 2026-10-05: recurring content that's likely still live (Special Assignments, Zskera Vaults, Endeavors, weekly events, crests and the like); Wowhead lists 74431 and 91023 as live"
"75932","Loamm Niffen","Eastern Kingdoms","","KEEP","Flagged in phase 1 for being missing from QuestV2. Reviewed with the user 2026-10-05: unflagged, because QuestV2 never lists repeatable quests (none of the 500 the API flags repeatable) and the server still knows this one (the type probe loaded it)"
"76021","Basic Kill Quest [DNT]","Jrztest","","KEEP","Menu review 9 Oct 2026 (not reviewed with the user): internal placeholder name, but Blizzard's API serves it; the server knows it (type probe); in QuestV2 of retail 12.1.0.69933 and of PTR 12.1.5.70077; no pin, quest-giver point, quest line, achievement criterion or prerequisite. Not flagged: the server knows it; the API serves it; it is still in the latest PTR's QuestV2. Stays shown."
"76024","Basic Kill Quest [DNT]","Jrztest","1","FLAG","Reviewed with the user 2026-10-05: an internal or test entry ([DNT], placeholder or test name), not a player quest. In the client's QuestV2, but Blizzard API 404; no quest-giver point, pin, quest line, achievement criterion or prerequisite"
"76161","Conversation Testing [DNT]","Jrztest","1","FLAG","Reviewed with the user 2026-10-05: an internal or test entry ([DNT], placeholder or test name), not a player quest. In the client's QuestV2, but Blizzard API 404; no quest-giver point, pin, quest line, achievement criterion or prerequisite"
"76201","Clone Ownership Verification [DNT]","Jrztest","1","FLAG","Reviewed with the user 2026-10-05: an internal or test entry ([DNT], placeholder or test name), not a player quest. In the client's QuestV2, but Blizzard API 404; no quest-giver point, pin, quest line, achievement criterion or prerequisite"
"76425","Renowned with the Dream Wardens","Eastern Kingdoms","","KEEP","Flagged in phase 1 for being missing from QuestV2. Reviewed with the user 2026-10-05: unflagged, because QuestV2 never lists repeatable quests (none of the 500 the API flags repeatable) and the server still knows this one (the type probe loaded it)"
"77094","Basic Kill Quest [DNT]","Content Playground","","KEEP","Menu review 9 Oct 2026 (not reviewed with the user): internal placeholder name, but Blizzard's API serves it; the server knows it (type probe); in QuestV2 of retail 12.1.0.69933 and of PTR 12.1.5.70077; no pin, quest-giver point, quest line, achievement criterion or prerequisite. Not flagged: the server knows it; the API serves it; it is still in the latest PTR's QuestV2. Stays shown."
"77489","Memory Mastery","Eastern Kingdoms","","KEEP","Flagged in phase 1 for being missing from QuestV2. Reviewed with the user 2026-10-05: unflagged, because QuestV2 never lists repeatable quests (none of the 500 the API flags repeatable) and the server still knows this one (the type probe loaded it)"
"77885","Dream Wardens","Eastern Kingdoms","","KEEP","Flagged in phase 1 for being missing from QuestV2. Reviewed with the user 2026-10-05: unflagged, because QuestV2 never lists repeatable quests (none of the 500 the API flags repeatable) and the server still knows this one (the type probe loaded it)"
"79196","Renowned with The Severed Threads","Azj Kahet","","KEEP","Flagged in phase 1 for being missing from QuestV2. Reviewed with the user 2026-10-05: unflagged, because QuestV2 never lists repeatable quests (none of the 500 the API flags repeatable) and the server still knows this one (the type probe loaded it)"
"79199","Renowned with Keg Leg's Crew","The Waking Shores","","KEEP","Flagged in phase 1 for being missing from QuestV2. Reviewed with the user 2026-10-05: unflagged, because QuestV2 never lists repeatable quests (none of the 500 the API flags repeatable) and the server still knows this one (the type probe loaded it)"
"79218","Renowned with the Hallowfall Arathi","Hallowfall","","KEEP","Flagged in phase 1 for being missing from QuestV2. Reviewed with the user 2026-10-05: unflagged, because QuestV2 never lists repeatable quests (none of the 500 the API flags repeatable) and the server still knows this one (the type probe loaded it)"
"79219","Renowned with the Council of Dornogal","Isle Of Dorn","","KEEP","Flagged in phase 1 for being missing from QuestV2. Reviewed with the user 2026-10-05: unflagged, because QuestV2 never lists repeatable quests (none of the 500 the API flags repeatable) and the server still knows this one (the type probe loaded it)"
"79220","Renowned with the Assembly of the Deeps","The Ringing Deeps","","KEEP","Flagged in phase 1 for being missing from QuestV2. Reviewed with the user 2026-10-05: unflagged, because QuestV2 never lists repeatable quests (none of the 500 the API flags repeatable) and the server still knows this one (the type probe loaded it)"
"79628","Emissary of the Council","Eastern Kingdoms","","KEEP","Flagged in phase 1 for being missing from QuestV2. Reviewed with the user 2026-10-05: unflagged, because QuestV2 never lists repeatable quests (none of the 500 the API flags repeatable) and the server still knows this one (the type probe loaded it)"
"79636","Emissary of the Assembly","Eastern Kingdoms","","KEEP","Flagged in phase 1 for being missing from QuestV2. Reviewed with the user 2026-10-05: unflagged, because QuestV2 never lists repeatable quests (none of the 500 the API flags repeatable) and the server still knows this one (the type probe loaded it)"
"79655","Hallowfall Arathi","Eastern Kingdoms","","KEEP","Flagged in phase 1 for being missing from QuestV2. Reviewed with the user 2026-10-05: unflagged, because QuestV2 never lists repeatable quests (none of the 500 the API flags repeatable) and the server still knows this one (the type probe loaded it)"
"79659","The Severed Threads","Eastern Kingdoms","","KEEP","Flagged in phase 1 for being missing from QuestV2. Reviewed with the user 2026-10-05: unflagged, because QuestV2 never lists repeatable quests (none of the 500 the API flags repeatable) and the server still knows this one (the type probe loaded it)"
"80183","Pieces of Hate","Arathi Highlands","","KEEP","Flagged in phase 1 for being missing from QuestV2. Reviewed with the user 2026-10-05: unflagged, because QuestV2 never lists repeatable quests (none of the 500 the API flags repeatable) and the server still knows this one (the type probe loaded it)"
"81593","Maximum Potential","Eastern Kingdoms","","KEEP","Reviewed with the user 2026-10-05: recurring content that's likely still live (Special Assignments, Zskera Vaults, Endeavors, weekly events, crests and the like); Wowhead lists 74431 and 91023 as live"
"82059","Transmutation Station","Quest (Important","","KEEP","Reviewed with the user 2026-10-05: recurring content that's likely still live (Special Assignments, Zskera Vaults, Endeavors, weekly events, crests and the like); Wowhead lists 74431 and 91023 as live"
"82146","Special Assignment: Cinderbee Surge","Isle Of Dorn","","KEEP","Reviewed with the user 2026-10-05: recurring content that's likely still live (Special Assignments, Zskera Vaults, Endeavors, weekly events, crests and the like); Wowhead lists 74431 and 91023 as live"
"82154","Special Assignment: Titanic Resurgence","Isle Of Dorn","","KEEP","Reviewed with the user 2026-10-05: recurring content that's likely still live (Special Assignments, Zskera Vaults, Endeavors, weekly events, crests and the like); Wowhead lists 74431 and 91023 as live"
"82155","Special Assignment: Shadows Below","The Ringing Deeps","","KEEP","Reviewed with the user 2026-10-05: recurring content that's likely still live (Special Assignments, Zskera Vaults, Endeavors, weekly events, crests and the like); Wowhead lists 74431 and 91023 as live"
"82156","Special Assignment: When the Deeps Stir","The Ringing Deeps","","KEEP","Reviewed with the user 2026-10-05: recurring content that's likely still live (Special Assignments, Zskera Vaults, Endeavors, weekly events, crests and the like); Wowhead lists 74431 and 91023 as live"
"82157","Special Assignment: Rise of the Colossals","Hallowfall","","KEEP","Reviewed with the user 2026-10-05: recurring content that's likely still live (Special Assignments, Zskera Vaults, Endeavors, weekly events, crests and the like); Wowhead lists 74431 and 91023 as live"
"82158","Special Assignment: Lynx Rescue","Hallowfall","","KEEP","Reviewed with the user 2026-10-05: recurring content that's likely still live (Special Assignments, Zskera Vaults, Endeavors, weekly events, crests and the like); Wowhead lists 74431 and 91023 as live"
"82159","Special Assignment: A Pound of Cure","Azj Kahet","","KEEP","Reviewed with the user 2026-10-05: recurring content that's likely still live (Special Assignments, Zskera Vaults, Endeavors, weekly events, crests and the like); Wowhead lists 74431 and 91023 as live"
"82161","Special Assignment: Bombs from Behind","Azj Kahet","","KEEP","Reviewed with the user 2026-10-05: recurring content that's likely still live (Special Assignments, Zskera Vaults, Endeavors, weekly events, crests and the like); Wowhead lists 74431 and 91023 as live"
"82746","Delves: Breaking Tough to Loot Stuff","Quest (Meta","","KEEP","Reviewed with the user 2026-10-05: recurring content that's likely still live (Special Assignments, Zskera Vaults, Endeavors, weekly events, crests and the like); Wowhead lists 74431 and 91023 as live"
"82957","Thanks for the Wax","The Ringing Deeps","","KEEP","Flagged in phase 1 for being missing from QuestV2. Reviewed with the user 2026-10-05: unflagged, because QuestV2 never lists repeatable quests (none of the 500 the API flags repeatable) and the server still knows this one (the type probe loaded it)"
"82994","Wax Contribution","The Ringing Deeps","","KEEP","Flagged in phase 1 for being missing from QuestV2. Reviewed with the user 2026-10-05: unflagged, because QuestV2 never lists repeatable quests (none of the 500 the API flags repeatable) and the server still knows this one (the type probe loaded it)"
"83069","Special Assignment: Titanic Resurgence","Isle Of Dorn","","KEEP","Reviewed with the user 2026-10-05: recurring content that's likely still live (Special Assignments, Zskera Vaults, Endeavors, weekly events, crests and the like); Wowhead lists 74431 and 91023 as live"
"83070","Special Assignment: Titanic Resurgence","Isle Of Dorn","","KEEP","Reviewed with the user 2026-10-05: recurring content that's likely still live (Special Assignments, Zskera Vaults, Endeavors, weekly events, crests and the like); Wowhead lists 74431 and 91023 as live"
"83345","A Call to Battle","Broken Shore","","KEEP","Reviewed with the user 2026-10-05: recurring content that's likely still live (Special Assignments, Zskera Vaults, Endeavors, weekly events, crests and the like); Wowhead lists 74431 and 91023 as live"
"83738","Notorious with The Weaver","Azj Kahet","","KEEP","Flagged in phase 1 for being missing from QuestV2. Reviewed with the user 2026-10-05: unflagged, because QuestV2 never lists repeatable quests (none of the 500 the API flags repeatable) and the server still knows this one (the type probe loaded it)"
"83739","Notorious with The General","Azj Kahet","","KEEP","Flagged in phase 1 for being missing from QuestV2. Reviewed with the user 2026-10-05: unflagged, because QuestV2 never lists repeatable quests (none of the 500 the API flags repeatable) and the server still knows this one (the type probe loaded it)"
"83740","Notorious with The Vizier","Azj Kahet","","KEEP","Flagged in phase 1 for being missing from QuestV2. Reviewed with the user 2026-10-05: unflagged, because QuestV2 never lists repeatable quests (none of the 500 the API flags repeatable) and the server still knows this one (the type probe loaded it)"
"84485","Renowned with the Tazaveshi Brokers","11 2 Karesh Test","","KEEP","Flagged in phase 1 for being missing from QuestV2. Reviewed with the user 2026-10-05: unflagged, because QuestV2 never lists repeatable quests (none of the 500 the API flags repeatable) and the server still knows this one (the type probe loaded it)"
"84832","[DNT] Example Breadcrumb to DF","Housing Npc Prototype Neighborhood","","KEEP","Menu review 9 Oct 2026 (not reviewed with the user): internal placeholder name, but Blizzard API 404; the server does not know it (type probe); in QuestV2 of retail 12.1.0.69933 and of PTR 12.1.5.70077; it is part of a client quest line. Not flagged: it is still in the latest PTR's QuestV2; it has a sign of life. Stays shown."
"84979","[DNT] World Quest 001","Eastern Kingdoms","","KEEP","Menu review 9 Oct 2026 (not reviewed with the user): internal placeholder name, but Blizzard API 404; the server does not know it (type probe); in QuestV2 of retail 12.1.0.69933 and of PTR 12.1.5.70077; no pin, quest-giver point, quest line, achievement criterion or prerequisite. Not flagged: it is still in the latest PTR's QuestV2; it is a client task quest, which Build-UnavailableQuests.ps1 refuses to flag. Stays shown."
"84982","[DNT] World Quest 003","Eastern Kingdoms","","KEEP","Menu review 9 Oct 2026 (not reviewed with the user): internal placeholder name, but Blizzard API 404; the server does not know it (type probe); in QuestV2 of retail 12.1.0.69933 and of PTR 12.1.5.70077; no pin, quest-giver point, quest line, achievement criterion or prerequisite. Not flagged: it is still in the latest PTR's QuestV2; it is a client task quest, which Build-UnavailableQuests.ps1 refuses to flag. Stays shown."
"84983","[DNT] World Quest 004","Eastern Kingdoms","","KEEP","Menu review 9 Oct 2026 (not reviewed with the user): internal placeholder name, but Blizzard API 404; the server does not know it (type probe); in QuestV2 of retail 12.1.0.69933 and of PTR 12.1.5.70077; no pin, quest-giver point, quest line, achievement criterion or prerequisite. Not flagged: it is still in the latest PTR's QuestV2; it is a client task quest, which Build-UnavailableQuests.ps1 refuses to flag. Stays shown."
"84984","[DNT] World Quest 005","Eastern Kingdoms","","KEEP","Menu review 9 Oct 2026 (not reviewed with the user): internal placeholder name, but Blizzard API 404; the server does not know it (type probe); in QuestV2 of retail 12.1.0.69933 and of PTR 12.1.5.70077; no pin, quest-giver point, quest line, achievement criterion or prerequisite. Not flagged: it is still in the latest PTR's QuestV2; it is a client task quest, which Build-UnavailableQuests.ps1 refuses to flag. Stays shown."
"85017","Tracking Quest to Send Mailer [DNT]","Eastern Kingdoms","","KEEP","Menu review 9 Oct 2026 (not reviewed with the user): internal placeholder name, but Blizzard's API serves it; the server knows it (type probe); in QuestV2 of retail 12.1.0.69933 and of PTR 12.1.5.70077; no pin, quest-giver point, quest line, achievement criterion or prerequisite. Not flagged: the server knows it; the API serves it; it is still in the latest PTR's QuestV2. Stays shown."
"85044","DEPRECATED","Eastern Kingdoms","","KEEP","Menu review 9 Oct 2026 (not reviewed with the user): internal placeholder name, but Blizzard's API serves it; the server knows it (type probe); in QuestV2 of retail 12.1.0.69933 and of PTR 12.1.5.70077; no pin, quest-giver point, quest line, achievement criterion or prerequisite. Not flagged: the server knows it; the API serves it; it is still in the latest PTR's QuestV2. Stays shown."
"85085","Undermine Emissary","Undermine","","KEEP","Flagged in phase 1 for being missing from QuestV2. Reviewed with the user 2026-10-05: unflagged, because QuestV2 never lists repeatable quests (none of the 500 the API flags repeatable) and the server still knows this one (the type probe loaded it)"
"85108","Emissary of the Trust","K'aresh","","KEEP","Flagged in phase 1 for being missing from QuestV2. Reviewed with the user 2026-10-05: unflagged, because QuestV2 never lists repeatable quests (none of the 500 the API flags repeatable) and the server still knows this one (the type probe loaded it)"
"85109","Renowned with the K'aresh Trust","K'aresh","","KEEP","Flagged in phase 1 for being missing from QuestV2. Reviewed with the user 2026-10-05: unflagged, because QuestV2 never lists repeatable quests (none of the 500 the API flags repeatable) and the server still knows this one (the type probe loaded it)"
"85471","Renowned with the Gallagio Loyalty Rewards Club","Liberation Of Undermine","","KEEP","Flagged in phase 1 for being missing from QuestV2. Reviewed with the user 2026-10-05: unflagged, because QuestV2 never lists repeatable quests (none of the 500 the API flags repeatable) and the server still knows this one (the type probe loaded it)"
"85489","Special Assignment: Capstone 1 - Unlock","Undermine","","KEEP","Reviewed with the user 2026-10-05: recurring content that's likely still live (Special Assignments, Zskera Vaults, Endeavors, weekly events, crests and the like); Wowhead lists 74431 and 91023 as live"
"85490","Special Assignment: Capstone 2 - Unlock","Undermine","","KEEP","Reviewed with the user 2026-10-05: recurring content that's likely still live (Special Assignments, Zskera Vaults, Endeavors, weekly events, crests and the like); Wowhead lists 74431 and 91023 as live"
"85805","Renowned with the Cartels of Undermine","Undermine","","KEEP","Flagged in phase 1 for being missing from QuestV2. Reviewed with the user 2026-10-05: unflagged, because QuestV2 never lists repeatable quests (none of the 500 the API flags repeatable) and the server still knows this one (the type probe loaded it)"
"85806","Exalted with the Bilgewater Cartel","Undermine","","KEEP","Flagged in phase 1 for being missing from QuestV2. Reviewed with the user 2026-10-05: unflagged, because QuestV2 never lists repeatable quests (none of the 500 the API flags repeatable) and the server still knows this one (the type probe loaded it)"
"85807","Exalted with the Blackwater Cartel","Undermine","","KEEP","Flagged in phase 1 for being missing from QuestV2. Reviewed with the user 2026-10-05: unflagged, because QuestV2 never lists repeatable quests (none of the 500 the API flags repeatable) and the server still knows this one (the type probe loaded it)"
"85808","Exalted with Darkfuse Solutions","Undermine","","KEEP","Flagged in phase 1 for being missing from QuestV2. Reviewed with the user 2026-10-05: unflagged, because QuestV2 never lists repeatable quests (none of the 500 the API flags repeatable) and the server still knows this one (the type probe loaded it)"
"85809","Exalted with the Steamwheedle Cartel","Undermine","","KEEP","Flagged in phase 1 for being missing from QuestV2. Reviewed with the user 2026-10-05: unflagged, because QuestV2 never lists repeatable quests (none of the 500 the API flags repeatable) and the server still knows this one (the type probe loaded it)"
"85810","Exalted with Venture Co.","Undermine","","KEEP","Flagged in phase 1 for being missing from QuestV2. Reviewed with the user 2026-10-05: unflagged, because QuestV2 never lists repeatable quests (none of the 500 the API flags repeatable) and the server still knows this one (the type probe loaded it)"
"85829","Dwarven District","Miscellaneous Quests","","KEEP","Flagged in phase 1 for being missing from QuestV2. Reviewed with the user 2026-10-05: unflagged, because QuestV2 never lists repeatable quests (none of the 500 the API flags repeatable) and the server still knows this one (the type probe loaded it)"
"85830","Trade District","Miscellaneous Quests","","KEEP","Flagged in phase 1 for being missing from QuestV2. Reviewed with the user 2026-10-05: unflagged, because QuestV2 never lists repeatable quests (none of the 500 the API flags repeatable) and the server still knows this one (the type probe loaded it)"
"85831","Mage Quarter","Miscellaneous Quests","","KEEP","Flagged in phase 1 for being missing from QuestV2. Reviewed with the user 2026-10-05: unflagged, because QuestV2 never lists repeatable quests (none of the 500 the API flags repeatable) and the server still knows this one (the type probe loaded it)"
"85832","Old Town","Miscellaneous Quests","","KEEP","Flagged in phase 1 for being missing from QuestV2. Reviewed with the user 2026-10-05: unflagged, because QuestV2 never lists repeatable quests (none of the 500 the API flags repeatable) and the server still knows this one (the type probe loaded it)"
"85950","Valley of Honor","Miscellaneous Quests","","KEEP","Flagged in phase 1 for being missing from QuestV2. Reviewed with the user 2026-10-05: unflagged, because QuestV2 never lists repeatable quests (none of the 500 the API flags repeatable) and the server still knows this one (the type probe loaded it)"
"85951","Valley of Spirits","Miscellaneous Quests","","KEEP","Flagged in phase 1 for being missing from QuestV2. Reviewed with the user 2026-10-05: unflagged, because QuestV2 never lists repeatable quests (none of the 500 the API flags repeatable) and the server still knows this one (the type probe loaded it)"
"85952","Valley of Wisdom","Miscellaneous Quests","","KEEP","Flagged in phase 1 for being missing from QuestV2. Reviewed with the user 2026-10-05: unflagged, because QuestV2 never lists repeatable quests (none of the 500 the API flags repeatable) and the server still knows this one (the type probe loaded it)"
"85953","The Drag","Miscellaneous Quests","","KEEP","Flagged in phase 1 for being missing from QuestV2. Reviewed with the user 2026-10-05: unflagged, because QuestV2 never lists repeatable quests (none of the 500 the API flags repeatable) and the server still knows this one (the type probe loaded it)"
"86174","Special Assignment: Storm's a Brewin","Siren Isle","","KEEP","Reviewed with the user 2026-10-05: recurring content that's likely still live (Special Assignments, Zskera Vaults, Endeavors, weekly events, crests and the like); Wowhead lists 74431 and 91023 as live"
"86369","A Sparkling Fortune","Dornogal","","KEEP","Reviewed with the user 2026-10-05: recurring content that's likely still live (Special Assignments, Zskera Vaults, Endeavors, weekly events, crests and the like); Wowhead lists 74431 and 91023 as live"
"86609","Void Breach","Midnight","","KEEP","Flagged in phase 1 for being missing from QuestV2. Reviewed with the user 2026-10-05: unflagged, because QuestV2 never lists repeatable quests (none of the 500 the API flags repeatable) and the server still knows this one (the type probe loaded it)"
"86645","Hidden Quest [DNT]","Eversong Woods","","KEEP","Menu review 9 Oct 2026 (not reviewed with the user): internal placeholder name, but Blizzard API 404; the server knows it (type probe); in QuestV2 of retail 12.1.0.69933 and of PTR 12.1.5.70077; no pin, quest-giver point, quest line, achievement criterion or prerequisite. Not flagged: the server knows it; it is still in the latest PTR's QuestV2; it is a client task quest, which Build-UnavailableQuests.ps1 refuses to flag. Stays shown."
"87325","Test Endeavor - Gather","Eastern Kingdoms","2","FLAG","Not in QuestV2 or quest location data of retail 12.1.0.69933 or PTR 12.1.5.70077; Blizzard API 404; no pin, quest line, achievement criterion or prerequisite; an internal or test entry"
"88707","The Stage is Set","Midnight","","KEEP","Reviewed with the user 2026-10-05: recurring content that's likely still live (Special Assignments, Zskera Vaults, Endeavors, weekly events, crests and the like); Wowhead lists 74431 and 91023 as live"
"88872","Exalted with the Bilgewater Cartel","Undermine","","KEEP","Reviewed with the user 2026-10-05: no evidence either way, so it stays shown (anything uncertain stays unflagged)"
"88875","Exalted with the Steamwheedle Cartel","Undermine","","KEEP","Reviewed with the user 2026-10-05: no evidence either way, so it stays shown (anything uncertain stays unflagged)"
"88878","Exalted with the Blackwater Cartel","Undermine","","KEEP","Reviewed with the user 2026-10-05: no evidence either way, so it stays shown (anything uncertain stays unflagged)"
"88881","Exalted with Venture Co.","Undermine","","KEEP","Reviewed with the user 2026-10-05: no evidence either way, so it stays shown (anything uncertain stays unflagged)"
"89032","Renowned with The Singularity","Voidstorm","","KEEP","Flagged in phase 1 for being missing from QuestV2. Reviewed with the user 2026-10-05: unflagged, because QuestV2 never lists repeatable quests (none of the 500 the API flags repeatable) and the server still knows this one (the type probe loaded it)"
"89035","Renowned with the Hara'ti","Harandar","","KEEP","Flagged in phase 1 for being missing from QuestV2. Reviewed with the user 2026-10-05: unflagged, because QuestV2 never lists repeatable quests (none of the 500 the API flags repeatable) and the server still knows this one (the type probe loaded it)"
"89346","Your Cut of the Spoils","Unknown","","KEEP","Reviewed with the user 2026-10-05: recurring content that's likely still live (Special Assignments, Zskera Vaults, Endeavors, weekly events, crests and the like); Wowhead lists 74431 and 91023 as live"
"89483","Beginning of Abundance","Abundance","","KEEP","Reviewed with the user 2026-10-05: recurring content that's likely still live (Special Assignments, Zskera Vaults, Endeavors, weekly events, crests and the like); Wowhead lists 74431 and 91023 as live"
"89515","Renowned with Flame's Radiance","Morgaen's Tears","","KEEP","Flagged in phase 1 for being missing from QuestV2. Reviewed with the user 2026-10-05: unflagged, because QuestV2 never lists repeatable quests (none of the 500 the API flags repeatable) and the server still knows this one (the type probe loaded it)"
"90087","Distance Tracker (DNT)","The Azure Span","","KEEP","Menu review 9 Oct 2026 (not reviewed with the user): internal placeholder name, but Blizzard's API serves it; the server knows it (type probe); in QuestV2 of retail 12.1.0.69933 and of PTR 12.1.5.70077; no pin, quest-giver point, quest line, achievement criterion or prerequisite. Not flagged: the server knows it; the API serves it; it is still in the latest PTR's QuestV2. Stays shown."
"90631","Weathered Crests","K'aresh","","KEEP","Reviewed with the user 2026-10-05: recurring content that's likely still live (Special Assignments, Zskera Vaults, Endeavors, weekly events, crests and the like); Wowhead lists 74431 and 91023 as live"
"90632","Valorstones","K'aresh","","KEEP","Reviewed with the user 2026-10-05: recurring content that's likely still live (Special Assignments, Zskera Vaults, Endeavors, weekly events, crests and the like); Wowhead lists 74431 and 91023 as live"
"90633","Weathered Crests","K'aresh","","KEEP","Reviewed with the user 2026-10-05: recurring content that's likely still live (Special Assignments, Zskera Vaults, Endeavors, weekly events, crests and the like); Wowhead lists 74431 and 91023 as live"
"90635","Valorstones","K'aresh","","KEEP","Reviewed with the user 2026-10-05: recurring content that's likely still live (Special Assignments, Zskera Vaults, Endeavors, weekly events, crests and the like); Wowhead lists 74431 and 91023 as live"
"90636","Carved Crests","K'aresh","","KEEP","Reviewed with the user 2026-10-05: recurring content that's likely still live (Special Assignments, Zskera Vaults, Endeavors, weekly events, crests and the like); Wowhead lists 74431 and 91023 as live"
"90637","A Key in the Wastes","K'aresh","","KEEP","Reviewed with the user 2026-10-05: recurring content that's likely still live (Special Assignments, Zskera Vaults, Endeavors, weekly events, crests and the like); Wowhead lists 74431 and 91023 as live"
"90665","Carved Crests","K'aresh","","KEEP","Reviewed with the user 2026-10-05: recurring content that's likely still live (Special Assignments, Zskera Vaults, Endeavors, weekly events, crests and the like); Wowhead lists 74431 and 91023 as live"
"90671","Friend of the Grummles","Special","","KEEP","Reviewed with the user 2026-10-05: recurring content that's likely still live (Special Assignments, Zskera Vaults, Endeavors, weekly events, crests and the like); Wowhead lists 74431 and 91023 as live"
"90751","Lumber Processing","Unknown","","KEEP","Flagged in phase 1 for being missing from QuestV2. Reviewed with the user 2026-10-05: unflagged, because QuestV2 never lists repeatable quests (none of the 500 the API flags repeatable) and the server still knows this one (the type probe loaded it)"
"90965","How to Train Your Protegee","Sunstrider Isle","","KEEP","Reviewed with the user 2026-10-05: recurring content that's likely still live (Special Assignments, Zskera Vaults, Endeavors, weekly events, crests and the like); Wowhead lists 74431 and 91023 as live"
"91022","Endeavor Reward","Eastern Kingdoms","","KEEP","Reviewed with the user 2026-10-05: recurring content that's likely still live (Special Assignments, Zskera Vaults, Endeavors, weekly events, crests and the like); Wowhead lists 74431 and 91023 as live"
"91023","Endeavor Reward","Eastern Kingdoms","","KEEP","Reviewed with the user 2026-10-05: recurring content that's likely still live (Special Assignments, Zskera Vaults, Endeavors, weekly events, crests and the like); Wowhead lists 74431 and 91023 as live"
"91024","Endeavor Reward","Eastern Kingdoms","","KEEP","Reviewed with the user 2026-10-05: recurring content that's likely still live (Special Assignments, Zskera Vaults, Endeavors, weekly events, crests and the like); Wowhead lists 74431 and 91023 as live"
"91141","My First Kill Quest [DNT]","Eastern Kingdoms","1","FLAG","Reviewed with the user 2026-10-05: an internal or test entry ([DNT], placeholder or test name), not a player quest. In the client's QuestV2, but Blizzard API 404; no quest-giver point, pin, quest line, achievement criterion or prerequisite"
"91143","Carved Crests","K'aresh","","KEEP","Reviewed with the user 2026-10-05: recurring content that's likely still live (Special Assignments, Zskera Vaults, Endeavors, weekly events, crests and the like); Wowhead lists 74431 and 91023 as live"
"91193","Special Assignment: Capstone 1 - Unlock","K'aresh","","KEEP","Reviewed with the user 2026-10-05: recurring content that's likely still live (Special Assignments, Zskera Vaults, Endeavors, weekly events, crests and the like); Wowhead lists 74431 and 91023 as live"
"91203","Special Assignment: Capstone 2 - Unlock","K'aresh","","KEEP","Reviewed with the user 2026-10-05: recurring content that's likely still live (Special Assignments, Zskera Vaults, Endeavors, weekly events, crests and the like); Wowhead lists 74431 and 91023 as live"
"91739","Endeavor Reward","Eastern Kingdoms","","KEEP","Reviewed with the user 2026-10-05: recurring content that's likely still live (Special Assignments, Zskera Vaults, Endeavors, weekly events, crests and the like); Wowhead lists 74431 and 91023 as live"
"92087","Unlock Ability 1 - Level 2","Eastern Kingdoms","1","FLAG","Reviewed with the user 2026-10-05: a hidden tracking quest, never offered to players. In the client's QuestV2, but Blizzard API 404; no quest-giver point, pin, quest line, achievement criterion or prerequisite"
"92088","Unlock Ability 2 - Level 3","Eastern Kingdoms","1","FLAG","Reviewed with the user 2026-10-05: a hidden tracking quest, never offered to players. In the client's QuestV2, but Blizzard API 404; no quest-giver point, pin, quest line, achievement criterion or prerequisite"
"92089","Unlock Ability 3 - Level 4","Eastern Kingdoms","1","FLAG","Reviewed with the user 2026-10-05: a hidden tracking quest, never offered to players. In the client's QuestV2, but Blizzard API 404; no quest-giver point, pin, quest line, achievement criterion or prerequisite"
"92090","Unlock Ability 4 - Level 5","Eastern Kingdoms","1","FLAG","Reviewed with the user 2026-10-05: a hidden tracking quest, never offered to players. In the client's QuestV2, but Blizzard API 404; no quest-giver point, pin, quest line, achievement criterion or prerequisite"
"92091","Unlock Ability 5 - Level 6","Eastern Kingdoms","1","FLAG","Reviewed with the user 2026-10-05: a hidden tracking quest, never offered to players. In the client's QuestV2, but Blizzard API 404; no quest-giver point, pin, quest line, achievement criterion or prerequisite"
"92092","Unlock Ability 6 - Level 7","Eastern Kingdoms","1","FLAG","Reviewed with the user 2026-10-05: a hidden tracking quest, never offered to players. In the client's QuestV2, but Blizzard API 404; no quest-giver point, pin, quest line, achievement criterion or prerequisite"
"92093","Unlock Ability 7 - Level 8","Eastern Kingdoms","1","FLAG","Reviewed with the user 2026-10-05: a hidden tracking quest, never offered to players. In the client's QuestV2, but Blizzard API 404; no quest-giver point, pin, quest line, achievement criterion or prerequisite"
"92099","Endeavor Reward","Eastern Kingdoms","","KEEP","Reviewed with the user 2026-10-05: recurring content that's likely still live (Special Assignments, Zskera Vaults, Endeavors, weekly events, crests and the like); Wowhead lists 74431 and 91023 as live"
"92330","Valorstones","K'aresh","","KEEP","Reviewed with the user 2026-10-05: recurring content that's likely still live (Special Assignments, Zskera Vaults, Endeavors, weekly events, crests and the like); Wowhead lists 74431 and 91023 as live"
"92410","Renowned with the Magisters","Eversong Woods","","KEEP","Flagged in phase 1 for being missing from QuestV2. Reviewed with the user 2026-10-05: unflagged, because QuestV2 never lists repeatable quests (none of the 500 the API flags repeatable) and the server still knows this one (the type probe loaded it)"
"92411","Renowned with the Blood Knights","Eversong Woods","","KEEP","Flagged in phase 1 for being missing from QuestV2. Reviewed with the user 2026-10-05: unflagged, because QuestV2 never lists repeatable quests (none of the 500 the API flags repeatable) and the server still knows this one (the type probe loaded it)"
"92412","Renowned with the Farstriders","Eversong Woods","","KEEP","Flagged in phase 1 for being missing from QuestV2. Reviewed with the user 2026-10-05: unflagged, because QuestV2 never lists repeatable quests (none of the 500 the API flags repeatable) and the server still knows this one (the type probe loaded it)"
"92413","Renowned with the Shades of the Row","Eversong Woods","","KEEP","Flagged in phase 1 for being missing from QuestV2. Reviewed with the user 2026-10-05: unflagged, because QuestV2 never lists repeatable quests (none of the 500 the API flags repeatable) and the server still knows this one (the type probe loaded it)"
"92547","Emissary of the Hara'ti","Harandar","","KEEP","Flagged in phase 1 for being missing from QuestV2. Reviewed with the user 2026-10-05: unflagged, because QuestV2 never lists repeatable quests (none of the 500 the API flags repeatable) and the server still knows this one (the type probe loaded it)"
"92735","Breadcrumb","Eastern Kingdoms","1","FLAG","Reviewed with the user 2026-10-05: an internal or test entry ([DNT], placeholder or test name), not a player quest. In the client's QuestV2, but Blizzard API 404; no quest-giver point, pin, quest line, achievement criterion or prerequisite"
"92848","Special Assignment: The Grand Magister's Drink","Eversong Woods","","KEEP","Reviewed with the user 2026-10-05: recurring content that's likely still live (Special Assignments, Zskera Vaults, Endeavors, weekly events, crests and the like); Wowhead lists 74431 and 91023 as live"
"93119","[DNT] TEST HOUSE DECOR REWARD","Eastern Kingdoms","1","FLAG","Reviewed with the user 2026-10-05: an internal or test entry ([DNT], placeholder or test name), not a player quest. In the client's QuestV2, but Blizzard API 404; no quest-giver point, pin, quest line, achievement criterion or prerequisite"
"93262","Endeavor","Eastern Kingdoms","","KEEP","Reviewed with the user 2026-10-05: recurring content that's likely still live (Special Assignments, Zskera Vaults, Endeavors, weekly events, crests and the like); Wowhead lists 74431 and 91023 as live"
"93514","Emissary of the Singularity","Eastern Kingdoms","","KEEP","Flagged in phase 1 for being missing from QuestV2. Reviewed with the user 2026-10-05: unflagged, because QuestV2 never lists repeatable quests (none of the 500 the API flags repeatable) and the server still knows this one (the type probe loaded it)"
"93566","Renowned with the Amani Tribe","Harandar","","KEEP","Flagged in phase 1 for being missing from QuestV2. Reviewed with the user 2026-10-05: unflagged, because QuestV2 never lists repeatable quests (none of the 500 the API flags repeatable) and the server still knows this one (the type probe loaded it)"
"93811","Renowned with the Silvermoon Court","Eversong Woods","","KEEP","Flagged in phase 1 for being missing from QuestV2. Reviewed with the user 2026-10-05: unflagged, because QuestV2 never lists repeatable quests (none of the 500 the API flags repeatable) and the server still knows this one (the type probe loaded it)"
"93891","Midnight: Legends of the Haranir","Meta Quests","","KEEP","Reviewed with the user 2026-10-05: recurring content that's likely still live (Special Assignments, Zskera Vaults, Endeavors, weekly events, crests and the like); Wowhead lists 74431 and 91023 as live"
"94010","Gnome Alone","Eastern Kingdoms","","KEEP","Reviewed with the user 2026-10-05: recurring content that's likely still live (Special Assignments, Zskera Vaults, Endeavors, weekly events, crests and the like); Wowhead lists 74431 and 91023 as live"
"94058","Emissary of the Amani Tribe","Eastern Kingdoms","","KEEP","Flagged in phase 1 for being missing from QuestV2. Reviewed with the user 2026-10-05: unflagged, because QuestV2 never lists repeatable quests (none of the 500 the API flags repeatable) and the server still knows this one (the type probe loaded it)"
"94390","Special Assignment: A Hunter's Regret","Harandar","","KEEP","Reviewed with the user 2026-10-05: recurring content that's likely still live (Special Assignments, Zskera Vaults, Endeavors, weekly events, crests and the like); Wowhead lists 74431 and 91023 as live"
"94391","Special Assignment: Push Back the Light","Harandar","","KEEP","Reviewed with the user 2026-10-05: recurring content that's likely still live (Special Assignments, Zskera Vaults, Endeavors, weekly events, crests and the like); Wowhead lists 74431 and 91023 as live"
"94431","[DNT] House Level 3 Room Award","Eastern Kingdoms","1","FLAG","Reviewed with the user 2026-10-05: an internal or test entry ([DNT], placeholder or test name), not a player quest. In the client's QuestV2, but Blizzard API 404; no quest-giver point, pin, quest line, achievement criterion or prerequisite"
"94437","[DNT] House Level 5 Room Award","Eastern Kingdoms","1","FLAG","Reviewed with the user 2026-10-05: an internal or test entry ([DNT], placeholder or test name), not a player quest. In the client's QuestV2, but Blizzard API 404; no quest-giver point, pin, quest line, achievement criterion or prerequisite"
"94478","Emissary of Silvermoon Court","Eversong Woods","","KEEP","Flagged in phase 1 for being missing from QuestV2. Reviewed with the user 2026-10-05: unflagged, because QuestV2 never lists repeatable quests (none of the 500 the API flags repeatable) and the server still knows this one (the type probe loaded it)"
"94492","Paragon of the Slayer's Duellum","Slayer's Rise","","KEEP","Flagged in phase 1 for being missing from QuestV2. Reviewed with the user 2026-10-05: unflagged, because QuestV2 never lists repeatable quests (none of the 500 the API flags repeatable) and the server still knows this one (the type probe loaded it)"
"94743","Special Assignment: Precision Excision","Voidstorm","","KEEP","Reviewed with the user 2026-10-05: recurring content that's likely still live (Special Assignments, Zskera Vaults, Endeavors, weekly events, crests and the like); Wowhead lists 74431 and 91023 as live"
"94795","Special Assignment: Agents of the Shield","Voidstorm","","KEEP","Reviewed with the user 2026-10-05: recurring content that's likely still live (Special Assignments, Zskera Vaults, Endeavors, weekly events, crests and the like); Wowhead lists 74431 and 91023 as live"
"94815","HIDDEN QUEST - Special Assignment: The Grand Magister's Drink [DNT]","Eversong Woods","","KEEP","Menu review 9 Oct 2026 (not reviewed with the user): internal placeholder name, but Blizzard API 404; the server knows it (type probe); in QuestV2 of retail 12.1.0.69933 and of PTR 12.1.5.70077; no pin, quest-giver point, quest line, achievement criterion or prerequisite. Not flagged: the server knows it; it is still in the latest PTR's QuestV2; it is a client task quest, which Build-UnavailableQuests.ps1 refuses to flag. Stays shown."
"94865","Special Assignment: What Remains of a Temple Broken","Zul'Aman","","KEEP","Reviewed with the user 2026-10-05: recurring content that's likely still live (Special Assignments, Zskera Vaults, Endeavors, weekly events, crests and the like); Wowhead lists 74431 and 91023 as live"
"94866","Special Assignment: Ours Once More!","Zul'Aman","","KEEP","Reviewed with the user 2026-10-05: recurring content that's likely still live (Special Assignments, Zskera Vaults, Endeavors, weekly events, crests and the like); Wowhead lists 74431 and 91023 as live"
"95435","Shade and Claw","Eversong Woods","","KEEP","Reviewed with the user 2026-10-05: recurring content that's likely still live (Special Assignments, Zskera Vaults, Endeavors, weekly events, crests and the like); Wowhead lists 74431 and 91023 as live"
